t	u1	u2
4.235164736271502e-22	0.07999766800000001	0.159997668
1.0000000000000751e-09	-2.332e-06	0.07999766800000001
2.0000000000001503e-09	0.07999766800000001	0.07999766800000001
3.0000000000002254e-09	-2.332e-06	0.07999766800000001
4.0000000000003005e-09	-2.332e-06	0.07999766800000001
5.000000000000376e-09	-2.332e-06	0.07999766800000001
6.000000000000451e-09	-2.332e-06	0.07999766800000001
7.000000000000102e-09	0.07999766800000001	0.07999766800000001
8.000000000000178e-09	-2.332e-06	0.07999766800000001
9.000000000000253e-09	-2.332e-06	0.07999766800000001
1.0000000000000328e-08	-2.332e-06	0.07999766800000001
1.1000000000000403e-08	-2.332e-06	0.07999766800000001
1.2000000000000478e-08	-2.332e-06	0.07999766800000001
1.300000000000013e-08	-2.332e-06	0.07999766800000001
1.4000000000000205e-08	0.07999766800000001	0.07999766800000001
1.500000000000028e-08	-2.332e-06	0.07999766800000001
1.6000000000000355e-08	0.07999766800000001	0.07999766800000001
1.700000000000043e-08	0.07999766800000001	0.07999766800000001
1.8000000000000082e-08	0.07999766800000001	0.07999766800000001
1.9000000000000157e-08	-2.332e-06	0.07999766800000001
2.0000000000000232e-08	0.07999766800000001	0.159997668
2.1000000000000307e-08	-0.080002332	0.07999766800000001
2.2000000000000382e-08	-2.332e-06	0.07999766800000001
2.3000000000000457e-08	-0.080002332	0.07999766800000001
2.400000000000011e-08	-2.332e-06	0.07999766800000001
2.5000000000000184e-08	-2.332e-06	0.07999766800000001
2.600000000000026e-08	0.07999766800000001	0.159997668
2.7000000000000334e-08	-2.332e-06	0.07999766800000001
2.800000000000041e-08	0.07999766800000001	0.07999766800000001
2.9000000000000485e-08	-2.332e-06	0.07999766800000001
3.0000000000000136e-08	0.07999766800000001	0.07999766800000001
3.100000000000021e-08	0.07999766800000001	0.07999766800000001
3.2000000000000287e-08	0.07999766800000001	0.159997668
3.300000000000036e-08	-2.332e-06	0.07999766800000001
3.400000000000044e-08	0.07999766800000001	0.07999766800000001
3.500000000000009e-08	-2.332e-06	0.159997668
3.6000000000000164e-08	-2.332e-06	0.07999766800000001
3.700000000000024e-08	0.07999766800000001	0.159997668
3.8000000000000314e-08	0.07999766800000001	0.159997668
3.900000000000039e-08	-2.332e-06	0.07999766800000001
4.0000000000000464e-08	0.07999766800000001	0.159997668
4.1000000000000116e-08	-2.332e-06	0.07999766800000001
4.200000000000019e-08	0.07999766800000001	0.159997668
4.3000000000000266e-08	0.07999766800000001	0.07999766800000001
4.400000000000034e-08	0.07999766800000001	0.07999766800000001
4.5000000000000416e-08	-2.332e-06	0.07999766800000001
4.600000000000049e-08	0.07999766800000001	0.07999766800000001
4.700000000000014e-08	-2.332e-06	0.07999766800000001
4.800000000000022e-08	-2.332e-06	0.07999766800000001
4.900000000000029e-08	-2.332e-06	0.07999766800000001
5.000000000000037e-08	-2.332e-06	0.07999766800000001
5.1000000000000443e-08	-2.332e-06	0.07999766800000001
5.2000000000000095e-08	0.07999766800000001	0.159997668
5.300000000000017e-08	-2.332e-06	0.07999766800000001
5.4000000000000245e-08	-2.332e-06	0.07999766800000001
5.500000000000032e-08	0.07999766800000001	0.07999766800000001
5.6000000000000396e-08	-2.332e-06	0.07999766800000001
5.700000000000047e-08	-2.332e-06	0.07999766800000001
5.800000000000012e-08	-2.332e-06	0.07999766800000001
5.90000000000002e-08	-2.332e-06	0.07999766800000001
6.000000000000027e-08	0.07999766800000001	0.07999766800000001
6.100000000000035e-08	-2.332e-06	0.07999766800000001
6.200000000000042e-08	-2.332e-06	0.07999766800000001
6.300000000000007e-08	-2.332e-06	0.07999766800000001
6.400000000000015e-08	-2.332e-06	0.07999766800000001
6.500000000000022e-08	-2.332e-06	0.07999766800000001
6.60000000000003e-08	0.07999766800000001	0.07999766800000001
6.700000000000037e-08	-2.332e-06	0.07999766800000001
6.800000000000045e-08	-2.332e-06	0.07999766800000001
6.90000000000001e-08	-2.332e-06	0.07999766800000001
7.000000000000018e-08	-2.332e-06	0.07999766800000001
7.100000000000025e-08	-2.332e-06	-2.332e-06
7.200000000000033e-08	0.07999766800000001	0.07999766800000001
7.30000000000004e-08	-2.332e-06	0.07999766800000001
7.400000000000048e-08	-2.332e-06	0.07999766800000001
7.500000000000013e-08	-2.332e-06	0.07999766800000001
7.60000000000002e-08	0.07999766800000001	0.07999766800000001
7.700000000000028e-08	-2.332e-06	0.07999766800000001
7.800000000000035e-08	0.07999766800000001	0.07999766800000001
7.900000000000043e-08	-2.332e-06	0.07999766800000001
8.000000000000008e-08	0.07999766800000001	0.07999766800000001
8.100000000000016e-08	-2.332e-06	0.07999766800000001
8.200000000000023e-08	0.07999766800000001	0.07999766800000001
8.30000000000003e-08	-2.332e-06	0.07999766800000001
8.400000000000038e-08	0.07999766800000001	0.07999766800000001
8.500000000000046e-08	-2.332e-06	0.07999766800000001
8.600000000000011e-08	0.07999766800000001	0.07999766800000001
8.700000000000018e-08	0.07999766800000001	0.07999766800000001
8.800000000000026e-08	-2.332e-06	0.07999766800000001
8.900000000000033e-08	-2.332e-06	0.07999766800000001
9.000000000000041e-08	-2.332e-06	0.07999766800000001
9.100000000000048e-08	-2.332e-06	0.07999766800000001
9.200000000000014e-08	0.07999766800000001	0.07999766800000001
9.300000000000021e-08	-2.332e-06	0.07999766800000001
9.400000000000029e-08	0.07999766800000001	0.07999766800000001
9.500000000000036e-08	-2.332e-06	0.07999766800000001
9.600000000000044e-08	-2.332e-06	0.07999766800000001
9.700000000000009e-08	-2.332e-06	0.07999766800000001
9.800000000000016e-08	0.07999766800000001	0.07999766800000001
9.900000000000024e-08	-2.332e-06	0.07999766800000001
1.0000000000000031e-07	0.07999766800000001	0.159997668
1.0100000000000039e-07	-2.332e-06	0.07999766800000001
1.0200000000000046e-07	-2.332e-06	0.159997668
1.0300000000000011e-07	-2.332e-06	0.07999766800000001
1.0400000000000019e-07	-2.332e-06	0.07999766800000001
1.0500000000000027e-07	-2.332e-06	0.07999766800000001
1.0600000000000034e-07	-2.332e-06	0.07999766800000001
1.0700000000000042e-07	0.07999766800000001	0.07999766800000001
1.0800000000000049e-07	0.07999766800000001	0.07999766800000001
1.0900000000000014e-07	-2.332e-06	0.07999766800000001
1.1000000000000022e-07	-2.332e-06	0.07999766800000001
1.1100000000000029e-07	-2.332e-06	0.07999766800000001
1.1200000000000037e-07	-2.332e-06	0.07999766800000001
1.1300000000000044e-07	-2.332e-06	-2.332e-06
1.140000000000001e-07	0.07999766800000001	0.159997668
1.1500000000000017e-07	-2.332e-06	0.07999766800000001
1.1600000000000024e-07	-2.332e-06	0.07999766800000001
1.1700000000000032e-07	-2.332e-06	0.159997668
1.180000000000004e-07	-2.332e-06	0.07999766800000001
1.1900000000000047e-07	0.07999766800000001	0.07999766800000001
1.2000000000000012e-07	0.07999766800000001	0.07999766800000001
1.210000000000002e-07	-2.332e-06	0.07999766800000001
1.2200000000000027e-07	0.07999766800000001	0.07999766800000001
1.2300000000000035e-07	-2.332e-06	0.07999766800000001
1.2400000000000042e-07	0.07999766800000001	0.07999766800000001
1.250000000000005e-07	-2.332e-06	0.07999766800000001
1.2600000000000015e-07	0.07999766800000001	0.07999766800000001
1.2700000000000022e-07	0.07999766800000001	0.07999766800000001
1.280000000000003e-07	-2.332e-06	0.07999766800000001
1.2900000000000037e-07	0.07999766800000001	0.07999766800000001
1.3000000000000045e-07	-2.332e-06	0.07999766800000001
1.310000000000001e-07	-2.332e-06	0.07999766800000001
1.3200000000000018e-07	-2.332e-06	0.07999766800000001
1.3300000000000025e-07	-2.332e-06	0.07999766800000001
1.3400000000000033e-07	0.07999766800000001	0.07999766800000001
1.350000000000004e-07	-2.332e-06	0.07999766800000001
1.3600000000000048e-07	0.07999766800000001	0.159997668
1.3700000000000013e-07	-2.332e-06	0.07999766800000001
1.380000000000002e-07	0.07999766800000001	0.159997668
1.3900000000000028e-07	-2.332e-06	0.07999766800000001
1.4000000000000035e-07	0.07999766800000001	0.07999766800000001
1.4100000000000043e-07	-2.332e-06	0.07999766800000001
1.4200000000000008e-07	-2.332e-06	0.07999766800000001
1.4300000000000016e-07	-2.332e-06	0.07999766800000001
1.4400000000000023e-07	0.07999766800000001	0.07999766800000001
1.450000000000003e-07	0.07999766800000001	0.07999766800000001
1.4600000000000038e-07	-2.332e-06	0.07999766800000001
1.4700000000000046e-07	-2.332e-06	0.07999766800000001
1.480000000000001e-07	-2.332e-06	0.07999766800000001
1.4900000000000018e-07	-2.332e-06	0.07999766800000001
1.5000000000000026e-07	-2.332e-06	0.07999766800000001
1.5100000000000033e-07	0.07999766800000001	0.07999766800000001
1.520000000000004e-07	-2.332e-06	0.07999766800000001
1.5300000000000048e-07	0.07999766800000001	0.07999766800000001
1.5400000000000013e-07	0.07999766800000001	0.07999766800000001
1.550000000000002e-07	0.07999766800000001	0.07999766800000001
1.5600000000000029e-07	-2.332e-06	0.07999766800000001
1.5700000000000036e-07	-2.332e-06	0.07999766800000001
1.5800000000000044e-07	-2.332e-06	0.07999766800000001
1.590000000000001e-07	-2.332e-06	0.07999766800000001
1.6000000000000016e-07	0.07999766800000001	0.07999766800000001
1.6100000000000024e-07	-2.332e-06	0.159997668
1.620000000000003e-07	-2.332e-06	0.07999766800000001
1.630000000000004e-07	-2.332e-06	0.07999766800000001
1.6400000000000046e-07	-2.332e-06	0.07999766800000001
1.6500000000000011e-07	0.07999766800000001	0.07999766800000001
1.660000000000002e-07	-2.332e-06	0.07999766800000001
1.6700000000000026e-07	-2.332e-06	0.07999766800000001
1.6800000000000034e-07	-2.332e-06	0.07999766800000001
1.6900000000000041e-07	0.07999766800000001	0.07999766800000001
1.700000000000005e-07	-2.332e-06	0.07999766800000001
1.7100000000000014e-07	-2.332e-06	0.07999766800000001
1.7200000000000022e-07	-2.332e-06	0.07999766800000001
1.730000000000003e-07	-2.332e-06	0.07999766800000001
1.7400000000000037e-07	-2.332e-06	0.07999766800000001
1.7500000000000044e-07	-2.332e-06	0.07999766800000001
1.760000000000001e-07	0.07999766800000001	0.07999766800000001
1.7700000000000017e-07	-2.332e-06	0.07999766800000001
1.7800000000000024e-07	0.07999766800000001	0.159997668
1.7900000000000032e-07	0.07999766800000001	0.07999766800000001
1.800000000000004e-07	0.07999766800000001	0.159997668
1.8100000000000047e-07	-2.332e-06	0.07999766800000001
1.8200000000000012e-07	-2.332e-06	0.07999766800000001
1.830000000000002e-07	-2.332e-06	0.07999766800000001
1.8400000000000027e-07	0.07999766800000001	0.07999766800000001
1.8500000000000035e-07	-2.332e-06	0.07999766800000001
1.8600000000000042e-07	0.07999766800000001	0.07999766800000001
1.870000000000005e-07	-2.332e-06	0.07999766800000001
1.8800000000000015e-07	-2.332e-06	0.07999766800000001
1.8900000000000022e-07	-2.332e-06	0.07999766800000001
1.900000000000003e-07	0.07999766800000001	0.07999766800000001
1.9100000000000037e-07	-2.332e-06	0.07999766800000001
1.9200000000000045e-07	-2.332e-06	0.07999766800000001
1.930000000000001e-07	-2.332e-06	0.07999766800000001
1.9400000000000018e-07	0.07999766800000001	0.07999766800000001
1.9500000000000025e-07	-2.332e-06	0.07999766800000001
1.9600000000000033e-07	0.07999766800000001	0.07999766800000001
1.970000000000004e-07	-2.332e-06	0.07999766800000001
1.9800000000000048e-07	-2.332e-06	0.07999766800000001
1.9900000000000013e-07	-2.332e-06	0.07999766800000001
2.000000000000002e-07	-2.332e-06	0.159997668
2.0100000000000028e-07	-2.332e-06	0.07999766800000001
2.0200000000000035e-07	0.07999766800000001	0.07999766800000001
2.0300000000000043e-07	-2.332e-06	0.07999766800000001
2.040000000000005e-07	-2.332e-06	0.07999766800000001
2.0500000000000015e-07	-2.332e-06	0.07999766800000001
2.0600000000000023e-07	-2.332e-06	0.07999766800000001
2.070000000000003e-07	-2.332e-06	0.07999766800000001
2.0800000000000038e-07	-2.332e-06	0.07999766800000001
2.0900000000000046e-07	-2.332e-06	0.07999766800000001
2.100000000000001e-07	0.07999766800000001	0.07999766800000001
2.1100000000000018e-07	0.07999766800000001	0.07999766800000001
2.1200000000000026e-07	0.07999766800000001	0.07999766800000001
2.1300000000000033e-07	-2.332e-06	0.07999766800000001
2.140000000000004e-07	0.07999766800000001	0.07999766800000001
2.1500000000000048e-07	0.07999766800000001	0.07999766800000001
2.1600000000000013e-07	0.07999766800000001	0.07999766800000001
2.170000000000002e-07	-2.332e-06	0.07999766800000001
2.1800000000000028e-07	-2.332e-06	0.07999766800000001
2.1900000000000036e-07	-2.332e-06	0.07999766800000001
2.2000000000000043e-07	0.07999766800000001	0.07999766800000001
2.2100000000000009e-07	-2.332e-06	0.07999766800000001
2.2200000000000016e-07	0.07999766800000001	0.07999766800000001
2.2300000000000024e-07	-2.332e-06	0.07999766800000001
2.240000000000003e-07	-2.332e-06	0.07999766800000001
2.250000000000004e-07	-2.332e-06	0.07999766800000001
2.2600000000000046e-07	-2.332e-06	0.159997668
2.2700000000000011e-07	-2.332e-06	0.07999766800000001
2.280000000000002e-07	0.07999766800000001	0.07999766800000001
2.2900000000000026e-07	0.07999766800000001	0.07999766800000001
2.3000000000000034e-07	-2.332e-06	0.159997668
2.3100000000000041e-07	-2.332e-06	0.07999766800000001
2.320000000000005e-07	-2.332e-06	0.07999766800000001
2.3300000000000014e-07	-2.332e-06	0.07999766800000001
2.3400000000000022e-07	0.07999766800000001	0.159997668
2.350000000000003e-07	-2.332e-06	0.07999766800000001
2.3600000000000037e-07	0.07999766800000001	0.159997668
2.3700000000000044e-07	-2.332e-06	0.07999766800000001
2.380000000000001e-07	-2.332e-06	0.07999766800000001
2.3900000000000017e-07	-2.332e-06	0.07999766800000001
2.4000000000000024e-07	-2.332e-06	0.07999766800000001
2.410000000000003e-07	-2.332e-06	0.07999766800000001
2.420000000000004e-07	-2.332e-06	0.07999766800000001
2.4300000000000047e-07	0.07999766800000001	0.07999766800000001
2.440000000000001e-07	0.07999766800000001	0.07999766800000001
2.450000000000002e-07	-2.332e-06	0.07999766800000001
2.4600000000000027e-07	0.07999766800000001	0.07999766800000001
2.4700000000000035e-07	-2.332e-06	0.07999766800000001
2.480000000000004e-07	-2.332e-06	0.07999766800000001
2.490000000000005e-07	-2.332e-06	0.07999766800000001
2.5000000000000015e-07	0.07999766800000001	0.07999766800000001
2.510000000000002e-07	-2.332e-06	0.07999766800000001
2.520000000000003e-07	0.07999766800000001	0.07999766800000001
2.5300000000000037e-07	-2.332e-06	0.07999766800000001
2.5400000000000045e-07	0.07999766800000001	0.07999766800000001
2.550000000000001e-07	-2.332e-06	0.07999766800000001
2.560000000000002e-07	0.07999766800000001	0.07999766800000001
2.5700000000000025e-07	-2.332e-06	0.07999766800000001
2.580000000000003e-07	-2.332e-06	0.07999766800000001
2.590000000000004e-07	-2.332e-06	0.07999766800000001
2.600000000000005e-07	-2.332e-06	0.07999766800000001
2.6100000000000013e-07	-2.332e-06	0.07999766800000001
2.620000000000002e-07	-2.332e-06	0.07999766800000001
2.630000000000003e-07	-2.332e-06	0.07999766800000001
2.6400000000000035e-07	0.07999766800000001	0.07999766800000001
2.6500000000000043e-07	-2.332e-06	0.07999766800000001
2.660000000000005e-07	0.07999766800000001	0.159997668
2.6700000000000015e-07	-2.332e-06	0.07999766800000001
2.6800000000000023e-07	-2.332e-06	0.07999766800000001
2.690000000000003e-07	-2.332e-06	0.07999766800000001
2.700000000000004e-07	0.07999766800000001	0.07999766800000001
2.7100000000000045e-07	0.07999766800000001	0.07999766800000001
2.720000000000001e-07	0.07999766800000001	0.159997668
2.730000000000002e-07	-2.332e-06	0.07999766800000001
2.7400000000000026e-07	0.07999766800000001	0.07999766800000001
2.7500000000000033e-07	-2.332e-06	-2.332e-06
2.760000000000004e-07	-2.332e-06	0.07999766800000001
2.770000000000005e-07	-2.332e-06	0.07999766800000001
2.7800000000000013e-07	0.07999766800000001	0.07999766800000001
2.790000000000002e-07	-2.332e-06	0.07999766800000001
2.800000000000003e-07	0.07999766800000001	0.07999766800000001
2.8100000000000036e-07	-2.332e-06	0.07999766800000001
2.8200000000000043e-07	-2.332e-06	0.07999766800000001
2.830000000000005e-07	-2.332e-06	0.07999766800000001
2.8400000000000016e-07	0.07999766800000001	0.07999766800000001
2.8500000000000024e-07	-2.332e-06	0.07999766800000001
2.860000000000003e-07	0.07999766800000001	0.07999766800000001
2.870000000000004e-07	-2.332e-06	0.07999766800000001
2.8800000000000046e-07	-2.332e-06	0.07999766800000001
2.890000000000001e-07	-2.332e-06	0.07999766800000001
2.900000000000002e-07	-2.332e-06	0.07999766800000001
2.9100000000000026e-07	-2.332e-06	0.07999766800000001
2.9200000000000034e-07	0.07999766800000001	0.07999766800000001
2.930000000000004e-07	-2.332e-06	0.07999766800000001
2.940000000000005e-07	-2.332e-06	0.07999766800000001
2.9500000000000014e-07	0.07999766800000001	0.07999766800000001
2.960000000000002e-07	0.07999766800000001	0.159997668
2.970000000000003e-07	0.07999766800000001	0.07999766800000001
2.9800000000000037e-07	0.07999766800000001	0.07999766800000001
2.9900000000000044e-07	0.07999766800000001	0.07999766800000001
3.000000000000001e-07	0.159997668	0.07999766800000001
3.0100000000000017e-07	-2.332e-06	0.07999766800000001
3.0200000000000024e-07	-2.332e-06	0.07999766800000001
3.030000000000003e-07	0.07999766800000001	0.07999766800000001
3.040000000000004e-07	0.07999766800000001	0.07999766800000001
3.0500000000000047e-07	-2.332e-06	0.07999766800000001
3.060000000000001e-07	-2.332e-06	0.07999766800000001
3.070000000000002e-07	-2.332e-06	0.07999766800000001
3.0800000000000027e-07	0.07999766800000001	0.07999766800000001
3.0900000000000034e-07	-2.332e-06	0.07999766800000001
3.100000000000004e-07	0.07999766800000001	0.07999766800000001
3.110000000000005e-07	-2.332e-06	0.07999766800000001
3.1200000000000015e-07	0.07999766800000001	0.07999766800000001
3.130000000000002e-07	0.07999766800000001	0.07999766800000001
3.140000000000003e-07	0.07999766800000001	0.07999766800000001
3.1500000000000037e-07	-2.332e-06	0.07999766800000001
3.1600000000000045e-07	-2.332e-06	0.07999766800000001
3.170000000000001e-07	-2.332e-06	0.07999766800000001
3.180000000000002e-07	-2.332e-06	0.159997668
3.1900000000000025e-07	-2.332e-06	0.07999766800000001
3.200000000000003e-07	-2.332e-06	0.159997668
3.210000000000004e-07	-2.332e-06	0.07999766800000001
3.220000000000005e-07	-2.332e-06	0.159997668
3.230000000000001e-07	-2.332e-06	0.07999766800000001
3.240000000000002e-07	0.07999766800000001	0.07999766800000001
3.250000000000003e-07	-2.332e-06	0.07999766800000001
3.2600000000000035e-07	0.07999766800000001	0.07999766800000001
3.2700000000000043e-07	-2.332e-06	0.07999766800000001
3.280000000000005e-07	0.07999766800000001	0.07999766800000001
3.2900000000000015e-07	-2.332e-06	0.07999766800000001
3.3000000000000023e-07	0.07999766800000001	0.07999766800000001
3.310000000000003e-07	0.07999766800000001	0.07999766800000001
3.320000000000004e-07	0.07999766800000001	0.07999766800000001
3.3300000000000045e-07	-2.332e-06	0.07999766800000001
3.340000000000001e-07	0.07999766800000001	0.07999766800000001
3.350000000000002e-07	-2.332e-06	0.07999766800000001
3.3600000000000026e-07	-2.332e-06	0.07999766800000001
3.3700000000000033e-07	-2.332e-06	0.07999766800000001
3.380000000000004e-07	0.07999766800000001	0.07999766800000001
3.390000000000005e-07	-0.080002332	0.07999766800000001
3.4000000000000013e-07	0.07999766800000001	0.07999766800000001
3.410000000000002e-07	0.07999766800000001	0.07999766800000001
3.420000000000003e-07	-2.332e-06	0.07999766800000001
3.4300000000000036e-07	-2.332e-06	0.07999766800000001
3.4400000000000043e-07	-2.332e-06	0.07999766800000001
3.450000000000005e-07	0.07999766800000001	0.07999766800000001
3.4600000000000016e-07	-2.332e-06	0.159997668
3.4700000000000024e-07	-2.332e-06	0.07999766800000001
3.480000000000003e-07	0.07999766800000001	0.159997668
3.490000000000004e-07	-2.332e-06	0.07999766800000001
3.5000000000000046e-07	0.07999766800000001	0.07999766800000001
3.510000000000001e-07	-2.332e-06	0.07999766800000001
3.520000000000002e-07	-2.332e-06	0.07999766800000001
3.5300000000000026e-07	-2.332e-06	0.07999766800000001
3.5400000000000034e-07	0.07999766800000001	0.159997668
3.550000000000004e-07	-2.332e-06	0.07999766800000001
3.560000000000005e-07	-2.332e-06	0.159997668
3.5700000000000014e-07	-2.332e-06	0.07999766800000001
3.580000000000002e-07	-2.332e-06	0.159997668
3.590000000000003e-07	-2.332e-06	0.07999766800000001
3.6000000000000036e-07	0.07999766800000001	0.159997668
3.6100000000000044e-07	-2.332e-06	0.07999766800000001
3.620000000000001e-07	0.07999766800000001	0.07999766800000001
3.6300000000000017e-07	-2.332e-06	0.07999766800000001
3.6400000000000024e-07	0.07999766800000001	0.159997668
3.650000000000003e-07	-2.332e-06	0.07999766800000001
3.660000000000004e-07	-2.332e-06	0.07999766800000001
3.6700000000000047e-07	-2.332e-06	0.07999766800000001
3.680000000000001e-07	0.07999766800000001	0.07999766800000001
3.690000000000002e-07	-2.332e-06	0.07999766800000001
3.7000000000000027e-07	-2.332e-06	0.07999766800000001
3.7100000000000034e-07	-2.332e-06	0.07999766800000001
3.720000000000004e-07	-2.332e-06	0.07999766800000001
3.730000000000005e-07	0.07999766800000001	0.07999766800000001
3.7400000000000015e-07	-2.332e-06	0.07999766800000001
3.750000000000002e-07	0.07999766800000001	0.07999766800000001
3.760000000000003e-07	0.07999766800000001	0.07999766800000001
3.7700000000000037e-07	-2.332e-06	0.07999766800000001
3.7800000000000045e-07	0.07999766800000001	0.07999766800000001
3.790000000000001e-07	-2.332e-06	0.07999766800000001
3.8000000000000017e-07	0.07999766800000001	0.07999766800000001
3.8100000000000025e-07	-2.332e-06	0.07999766800000001
3.820000000000003e-07	0.07999766800000001	0.159997668
3.830000000000004e-07	-2.332e-06	0.159997668
3.840000000000005e-07	0.07999766800000001	0.07999766800000001
3.850000000000001e-07	-2.332e-06	0.07999766800000001
3.860000000000002e-07	-2.332e-06	0.07999766800000001
3.870000000000003e-07	-2.332e-06	-2.332e-06
3.8800000000000035e-07	0.07999766800000001	0.07999766800000001
3.890000000000004e-07	-2.332e-06	0.07999766800000001
3.900000000000005e-07	-2.332e-06	0.07999766800000001
3.9100000000000015e-07	0.07999766800000001	-2.332e-06
3.9200000000000023e-07	0.07999766800000001	0.07999766800000001
3.930000000000003e-07	-2.332e-06	0.07999766800000001
3.940000000000004e-07	0.07999766800000001	0.07999766800000001
3.9500000000000045e-07	-2.332e-06	0.07999766800000001
3.960000000000001e-07	-2.332e-06	0.07999766800000001
3.970000000000002e-07	-2.332e-06	0.07999766800000001
3.9800000000000026e-07	-2.332e-06	0.07999766800000001
3.9900000000000033e-07	-2.332e-06	0.07999766800000001
4.000000000000004e-07	0.07999766800000001	0.07999766800000001
4.010000000000005e-07	-2.332e-06	0.07999766800000001
4.0200000000000013e-07	0.07999766800000001	0.07999766800000001
4.030000000000002e-07	0.07999766800000001	0.07999766800000001
4.040000000000003e-07	0.07999766800000001	0.07999766800000001
4.0500000000000036e-07	-2.332e-06	0.07999766800000001
4.0600000000000043e-07	0.07999766800000001	0.07999766800000001
4.070000000000005e-07	0.07999766800000001	0.159997668
4.0800000000000016e-07	0.07999766800000001	0.159997668
4.0900000000000023e-07	-2.332e-06	0.07999766800000001
4.100000000000003e-07	-2.332e-06	0.159997668
4.110000000000004e-07	-2.332e-06	0.07999766800000001
4.1200000000000046e-07	0.07999766800000001	0.159997668
4.130000000000001e-07	-2.332e-06	0.07999766800000001
4.140000000000002e-07	-2.332e-06	0.159997668
4.1500000000000026e-07	-2.332e-06	0.07999766800000001
4.1600000000000034e-07	-2.332e-06	0.07999766800000001
4.170000000000004e-07	-2.332e-06	0.07999766800000001
4.180000000000005e-07	-2.332e-06	0.07999766800000001
4.1900000000000014e-07	-2.332e-06	0.159997668
4.200000000000002e-07	0.07999766800000001	0.07999766800000001
4.210000000000003e-07	-2.332e-06	0.07999766800000001
4.2200000000000036e-07	-2.332e-06	0.07999766800000001
4.2300000000000044e-07	-2.332e-06	0.07999766800000001
4.240000000000005e-07	-2.332e-06	0.07999766800000001
4.2500000000000017e-07	-2.332e-06	0.07999766800000001
4.2600000000000024e-07	-2.332e-06	0.07999766800000001
4.270000000000003e-07	0.07999766800000001	0.07999766800000001
4.280000000000004e-07	-2.332e-06	0.07999766800000001
4.2900000000000047e-07	-2.332e-06	0.07999766800000001
4.300000000000001e-07	-2.332e-06	0.07999766800000001
4.310000000000002e-07	0.07999766800000001	0.07999766800000001
4.3200000000000027e-07	0.07999766800000001	0.07999766800000001
4.3300000000000034e-07	-2.332e-06	0.07999766800000001
4.340000000000004e-07	-2.332e-06	0.07999766800000001
4.350000000000005e-07	-2.332e-06	0.07999766800000001
4.3600000000000015e-07	-2.332e-06	0.07999766800000001
4.370000000000002e-07	-2.332e-06	0.07999766800000001
4.380000000000003e-07	-2.332e-06	0.07999766800000001
4.3900000000000037e-07	-2.332e-06	0.07999766800000001
4.4000000000000045e-07	-2.332e-06	0.159997668
4.410000000000001e-07	-2.332e-06	0.07999766800000001
4.4200000000000017e-07	-2.332e-06	0.159997668
4.4300000000000025e-07	-2.332e-06	0.07999766800000001
4.440000000000003e-07	0.07999766800000001	0.07999766800000001
4.450000000000004e-07	-2.332e-06	0.07999766800000001
4.4600000000000047e-07	0.07999766800000001	0.07999766800000001
4.470000000000001e-07	-2.332e-06	0.07999766800000001
4.480000000000002e-07	-2.332e-06	0.07999766800000001
4.490000000000003e-07	-2.332e-06	0.07999766800000001
4.5000000000000035e-07	-2.332e-06	0.07999766800000001
4.510000000000004e-07	-2.332e-06	0.07999766800000001
4.520000000000005e-07	0.07999766800000001	0.07999766800000001
4.5300000000000015e-07	-2.332e-06	0.07999766800000001
4.5400000000000023e-07	0.07999766800000001	0.07999766800000001
4.550000000000003e-07	0.07999766800000001	0.07999766800000001
4.560000000000004e-07	-2.332e-06	0.07999766800000001
4.5700000000000045e-07	-2.332e-06	0.07999766800000001
4.580000000000001e-07	-2.332e-06	0.07999766800000001
4.590000000000002e-07	-2.332e-06	0.07999766800000001
4.6000000000000025e-07	0.07999766800000001	0.07999766800000001
4.6100000000000033e-07	-2.332e-06	0.07999766800000001
4.620000000000004e-07	-2.332e-06	0.07999766800000001
4.630000000000005e-07	-2.332e-06	0.07999766800000001
4.6400000000000013e-07	0.07999766800000001	0.07999766800000001
4.650000000000002e-07	-2.332e-06	0.07999766800000001
4.660000000000003e-07	0.07999766800000001	0.07999766800000001
4.6700000000000036e-07	0.07999766800000001	0.07999766800000001
4.6800000000000043e-07	0.07999766800000001	0.159997668
4.690000000000005e-07	-2.332e-06	0.07999766800000001
4.7000000000000016e-07	0.07999766800000001	0.159997668
4.7100000000000023e-07	-2.332e-06	0.07999766800000001
4.720000000000003e-07	0.07999766800000001	0.07999766800000001
4.730000000000004e-07	-2.332e-06	0.159997668
4.7400000000000046e-07	-2.332e-06	0.159997668
4.750000000000001e-07	-2.332e-06	0.07999766800000001
4.760000000000002e-07	0.07999766800000001	0.07999766800000001
4.770000000000003e-07	-2.332e-06	0.07999766800000001
4.780000000000003e-07	-2.332e-06	0.07999766800000001
4.790000000000004e-07	-2.332e-06	0.07999766800000001
4.800000000000005e-07	-2.332e-06	0.07999766800000001
4.810000000000001e-07	-2.332e-06	0.07999766800000001
4.820000000000002e-07	-2.332e-06	0.07999766800000001
4.830000000000003e-07	-2.332e-06	0.07999766800000001
4.840000000000004e-07	0.07999766800000001	0.07999766800000001
4.850000000000004e-07	-2.332e-06	0.07999766800000001
4.860000000000005e-07	-2.332e-06	0.07999766800000001
4.870000000000002e-07	-2.332e-06	0.07999766800000001
4.880000000000002e-07	0.07999766800000001	0.159997668
4.890000000000003e-07	-2.332e-06	0.07999766800000001
4.900000000000004e-07	0.07999766800000001	0.07999766800000001
4.910000000000005e-07	-2.332e-06	0.07999766800000001
4.920000000000001e-07	0.07999766800000001	0.07999766800000001
4.930000000000002e-07	0.07999766800000001	0.07999766800000001
4.940000000000003e-07	0.07999766800000001	0.07999766800000001
4.950000000000003e-07	-2.332e-06	0.07999766800000001
4.960000000000004e-07	-2.332e-06	0.07999766800000001
4.970000000000005e-07	-2.332e-06	0.07999766800000001
4.980000000000001e-07	0.07999766800000001	0.07999766800000001
4.990000000000002e-07	0.07999766800000001	0.07999766800000001
5.000000000000003e-07	0.07999766800000001	0.07999766800000001
5.010000000000004e-07	-2.332e-06	0.07999766800000001
5.020000000000004e-07	0.07999766800000001	0.07999766800000001
5.030000000000005e-07	-2.332e-06	0.07999766800000001
5.040000000000002e-07	-2.332e-06	0.07999766800000001
5.050000000000002e-07	-2.332e-06	0.07999766800000001
5.060000000000003e-07	-2.332e-06	0.07999766800000001
5.070000000000004e-07	0.07999766800000001	0.07999766800000001
5.080000000000005e-07	-2.332e-06	0.07999766800000001
5.090000000000001e-07	-2.332e-06	0.07999766800000001
5.100000000000002e-07	-2.332e-06	0.07999766800000001
5.110000000000003e-07	-2.332e-06	0.07999766800000001
5.120000000000003e-07	-2.332e-06	0.07999766800000001
5.130000000000004e-07	-2.332e-06	0.07999766800000001
5.140000000000005e-07	0.07999766800000001	0.07999766800000001
5.150000000000002e-07	0.07999766800000001	0.07999766800000001
5.160000000000002e-07	-2.332e-06	0.07999766800000001
5.170000000000003e-07	-2.332e-06	0.07999766800000001
5.180000000000004e-07	0.07999766800000001	0.07999766800000001
5.190000000000005e-07	-2.332e-06	0.07999766800000001
5.200000000000001e-07	0.07999766800000001	0.07999766800000001
5.210000000000002e-07	-2.332e-06	0.07999766800000001
5.220000000000003e-07	-2.332e-06	0.07999766800000001
5.230000000000003e-07	-2.332e-06	0.07999766800000001
5.240000000000004e-07	0.07999766800000001	0.159997668
5.250000000000005e-07	-2.332e-06	0.07999766800000001
5.260000000000001e-07	-2.332e-06	0.07999766800000001
5.270000000000002e-07	-2.332e-06	0.07999766800000001
5.280000000000003e-07	0.07999766800000001	0.07999766800000001
5.290000000000004e-07	-2.332e-06	0.07999766800000001
5.300000000000004e-07	-2.332e-06	0.07999766800000001
5.310000000000005e-07	-2.332e-06	0.07999766800000001
5.320000000000002e-07	-2.332e-06	0.07999766800000001
5.330000000000002e-07	-2.332e-06	0.07999766800000001
5.340000000000003e-07	-2.332e-06	0.159997668
5.350000000000004e-07	-2.332e-06	0.07999766800000001
5.360000000000005e-07	0.07999766800000001	0.07999766800000001
5.370000000000001e-07	0.07999766800000001	0.07999766800000001
5.380000000000002e-07	-2.332e-06	0.159997668
5.390000000000003e-07	-2.332e-06	0.07999766800000001
5.400000000000003e-07	0.07999766800000001	0.07999766800000001
5.410000000000004e-07	-2.332e-06	0.07999766800000001
5.420000000000005e-07	0.07999766800000001	0.07999766800000001
5.430000000000001e-07	0.07999766800000001	0.07999766800000001
5.440000000000002e-07	0.07999766800000001	0.159997668
5.450000000000003e-07	-2.332e-06	0.07999766800000001
5.460000000000004e-07	-2.332e-06	0.07999766800000001
5.470000000000004e-07	-2.332e-06	0.07999766800000001
5.480000000000005e-07	0.07999766800000001	0.07999766800000001
5.490000000000002e-07	0.07999766800000001	0.07999766800000001
5.500000000000002e-07	-2.332e-06	0.07999766800000001
5.510000000000003e-07	-2.332e-06	0.07999766800000001
5.520000000000004e-07	0.07999766800000001	0.07999766800000001
5.530000000000005e-07	-2.332e-06	0.07999766800000001
5.540000000000001e-07	0.07999766800000001	0.07999766800000001
5.550000000000002e-07	0.07999766800000001	0.07999766800000001
5.560000000000003e-07	0.07999766800000001	0.07999766800000001
5.570000000000003e-07	-2.332e-06	0.07999766800000001
5.580000000000004e-07	0.07999766800000001	0.159997668
5.590000000000005e-07	-2.332e-06	0.07999766800000001
5.600000000000001e-07	-2.332e-06	0.07999766800000001
5.610000000000002e-07	-2.332e-06	0.07999766800000001
5.620000000000003e-07	-2.332e-06	0.159997668
5.630000000000004e-07	0.07999766800000001	0.07999766800000001
5.640000000000004e-07	0.07999766800000001	0.159997668
5.650000000000005e-07	0.07999766800000001	0.07999766800000001
5.660000000000002e-07	0.07999766800000001	0.07999766800000001
5.670000000000002e-07	0.07999766800000001	0.07999766800000001
5.680000000000003e-07	0.07999766800000001	0.07999766800000001
5.690000000000004e-07	-2.332e-06	0.07999766800000001
5.700000000000005e-07	-2.332e-06	0.159997668
5.710000000000001e-07	-2.332e-06	0.07999766800000001
5.720000000000002e-07	-2.332e-06	0.07999766800000001
5.730000000000003e-07	-2.332e-06	0.07999766800000001
5.740000000000003e-07	-2.332e-06	0.07999766800000001
5.750000000000004e-07	-2.332e-06	0.07999766800000001
5.760000000000005e-07	-2.332e-06	0.159997668
5.770000000000002e-07	-2.332e-06	0.07999766800000001
5.780000000000002e-07	-2.332e-06	0.07999766800000001
5.790000000000003e-07	-2.332e-06	0.07999766800000001
5.800000000000004e-07	0.07999766800000001	0.07999766800000001
5.810000000000005e-07	-2.332e-06	0.07999766800000001
5.820000000000005e-07	0.07999766800000001	0.07999766800000001
5.830000000000002e-07	-2.332e-06	0.07999766800000001
5.840000000000003e-07	-2.332e-06	0.07999766800000001
5.850000000000003e-07	-2.332e-06	0.07999766800000001
5.860000000000004e-07	-2.332e-06	0.07999766800000001
5.870000000000005e-07	-2.332e-06	0.07999766800000001
5.880000000000001e-07	-2.332e-06	0.07999766800000001
5.890000000000002e-07	0.07999766800000001	0.07999766800000001
5.900000000000003e-07	0.07999766800000001	0.07999766800000001
5.910000000000004e-07	0.07999766800000001	0.07999766800000001
5.920000000000004e-07	-2.332e-06	0.07999766800000001
5.930000000000005e-07	0.07999766800000001	0.07999766800000001
5.940000000000002e-07	-2.332e-06	0.07999766800000001
5.950000000000002e-07	-2.332e-06	0.07999766800000001
5.960000000000003e-07	0.07999766800000001	0.07999766800000001
5.970000000000004e-07	-2.332e-06	0.159997668
5.980000000000005e-07	0.07999766800000001	0.07999766800000001
5.990000000000001e-07	-2.332e-06	0.07999766800000001
6.000000000000002e-07	0.07999766800000001	0.159997668
6.010000000000003e-07	-2.332e-06	0.07999766800000001
6.020000000000003e-07	-2.332e-06	0.159997668
6.030000000000004e-07	0.07999766800000001	0.07999766800000001
6.040000000000005e-07	0.07999766800000001	0.159997668
6.050000000000001e-07	-2.332e-06	0.07999766800000001
6.060000000000002e-07	-2.332e-06	0.07999766800000001
6.070000000000003e-07	-2.332e-06	0.07999766800000001
6.080000000000004e-07	-2.332e-06	0.07999766800000001
6.090000000000004e-07	-2.332e-06	0.07999766800000001
6.100000000000005e-07	0.07999766800000001	0.07999766800000001
6.110000000000002e-07	-2.332e-06	0.07999766800000001
6.120000000000002e-07	0.07999766800000001	0.159997668
6.130000000000003e-07	-2.332e-06	0.07999766800000001
6.140000000000004e-07	-2.332e-06	0.07999766800000001
6.150000000000005e-07	-2.332e-06	0.07999766800000001
6.160000000000001e-07	-2.332e-06	0.07999766800000001
6.170000000000002e-07	-2.332e-06	0.07999766800000001
6.180000000000003e-07	0.07999766800000001	0.07999766800000001
6.190000000000003e-07	-2.332e-06	0.07999766800000001
6.200000000000004e-07	0.07999766800000001	0.07999766800000001
6.210000000000005e-07	-2.332e-06	0.07999766800000001
6.220000000000001e-07	-2.332e-06	0.07999766800000001
6.230000000000002e-07	-2.332e-06	0.07999766800000001
6.240000000000003e-07	0.07999766800000001	0.07999766800000001
6.250000000000004e-07	-2.332e-06	0.07999766800000001
6.260000000000004e-07	-2.332e-06	0.07999766800000001
6.270000000000005e-07	-2.332e-06	0.07999766800000001
6.280000000000002e-07	0.07999766800000001	0.159997668
6.290000000000002e-07	-2.332e-06	0.07999766800000001
6.300000000000003e-07	-2.332e-06	0.159997668
6.310000000000004e-07	-2.332e-06	0.07999766800000001
6.320000000000005e-07	0.07999766800000001	0.07999766800000001
6.330000000000001e-07	-2.332e-06	0.07999766800000001
6.340000000000002e-07	-2.332e-06	0.07999766800000001
6.350000000000003e-07	-2.332e-06	0.07999766800000001
6.360000000000003e-07	-2.332e-06	0.07999766800000001
6.370000000000004e-07	-2.332e-06	0.07999766800000001
6.380000000000005e-07	0.07999766800000001	0.07999766800000001
6.390000000000002e-07	-2.332e-06	0.07999766800000001
6.400000000000002e-07	0.07999766800000001	0.07999766800000001
6.410000000000003e-07	0.07999766800000001	0.07999766800000001
6.420000000000004e-07	0.07999766800000001	0.07999766800000001
6.430000000000005e-07	0.07999766800000001	0.07999766800000001
6.440000000000005e-07	0.07999766800000001	0.159997668
6.450000000000002e-07	0.07999766800000001	0.07999766800000001
6.460000000000003e-07	-2.332e-06	0.07999766800000001
6.470000000000003e-07	-2.332e-06	0.07999766800000001
6.480000000000004e-07	-2.332e-06	0.07999766800000001
6.490000000000005e-07	-2.332e-06	0.07999766800000001
6.500000000000001e-07	-2.332e-06	0.07999766800000001
6.510000000000002e-07	-2.332e-06	0.07999766800000001
6.520000000000003e-07	-2.332e-06	0.159997668
6.530000000000004e-07	-2.332e-06	0.07999766800000001
6.540000000000004e-07	0.07999766800000001	0.07999766800000001
6.550000000000005e-07	-2.332e-06	0.07999766800000001
6.560000000000002e-07	-2.332e-06	0.07999766800000001
6.570000000000002e-07	-2.332e-06	0.07999766800000001
6.580000000000003e-07	0.07999766800000001	0.07999766800000001
6.590000000000004e-07	-2.332e-06	0.07999766800000001
6.600000000000005e-07	0.07999766800000001	0.07999766800000001
6.610000000000005e-07	-2.332e-06	0.07999766800000001
6.620000000000002e-07	-2.332e-06	0.07999766800000001
6.630000000000003e-07	-2.332e-06	0.07999766800000001
6.640000000000003e-07	0.07999766800000001	0.07999766800000001
6.650000000000004e-07	0.07999766800000001	0.07999766800000001
6.660000000000005e-07	-2.332e-06	0.07999766800000001
6.670000000000001e-07	-2.332e-06	0.07999766800000001
6.680000000000002e-07	0.07999766800000001	0.159997668
6.690000000000003e-07	-2.332e-06	0.07999766800000001
6.700000000000004e-07	0.07999766800000001	0.07999766800000001
6.710000000000004e-07	-2.332e-06	0.159997668
6.720000000000005e-07	0.07999766800000001	0.07999766800000001
6.730000000000002e-07	-2.332e-06	0.159997668
6.740000000000002e-07	0.07999766800000001	0.07999766800000001
6.750000000000003e-07	-2.332e-06	0.07999766800000001
6.760000000000004e-07	0.07999766800000001	0.07999766800000001
6.770000000000005e-07	-2.332e-06	0.07999766800000001
6.780000000000001e-07	-2.332e-06	0.07999766800000001
6.790000000000002e-07	-2.332e-06	0.07999766800000001
6.800000000000003e-07	0.07999766800000001	0.07999766800000001
6.810000000000003e-07	0.07999766800000001	0.07999766800000001
6.820000000000004e-07	-2.332e-06	0.07999766800000001
6.830000000000005e-07	0.07999766800000001	0.07999766800000001
6.840000000000001e-07	-2.332e-06	0.07999766800000001
6.850000000000002e-07	-2.332e-06	0.07999766800000001
6.860000000000003e-07	-2.332e-06	0.07999766800000001
6.870000000000004e-07	-2.332e-06	0.07999766800000001
6.880000000000004e-07	0.07999766800000001	0.07999766800000001
6.890000000000005e-07	-2.332e-06	0.159997668
6.900000000000002e-07	0.07999766800000001	0.07999766800000001
6.910000000000002e-07	-2.332e-06	0.07999766800000001
6.920000000000003e-07	-2.332e-06	0.07999766800000001
6.930000000000004e-07	-2.332e-06	0.07999766800000001
6.940000000000005e-07	-2.332e-06	0.07999766800000001
6.950000000000001e-07	-2.332e-06	0.07999766800000001
6.960000000000002e-07	-2.332e-06	0.07999766800000001
6.970000000000003e-07	0.07999766800000001	0.07999766800000001
6.980000000000003e-07	-2.332e-06	0.07999766800000001
6.990000000000004e-07	0.07999766800000001	0.07999766800000001
7.000000000000005e-07	0.07999766800000001	0.07999766800000001
7.010000000000001e-07	-2.332e-06	0.07999766800000001
7.020000000000002e-07	-2.332e-06	0.07999766800000001
7.030000000000003e-07	-2.332e-06	0.07999766800000001
7.040000000000004e-07	-2.332e-06	0.07999766800000001
7.050000000000004e-07	-2.332e-06	0.07999766800000001
7.060000000000005e-07	0.07999766800000001	0.07999766800000001
7.070000000000002e-07	0.07999766800000001	0.07999766800000001
7.080000000000003e-07	-2.332e-06	0.07999766800000001
7.090000000000003e-07	-2.332e-06	0.07999766800000001
7.100000000000004e-07	0.07999766800000001	0.07999766800000001
7.110000000000005e-07	-2.332e-06	0.07999766800000001
7.120000000000001e-07	0.07999766800000001	0.07999766800000001
7.130000000000002e-07	-2.332e-06	0.07999766800000001
7.140000000000003e-07	0.07999766800000001	0.07999766800000001
7.150000000000004e-07	-2.332e-06	0.07999766800000001
7.160000000000004e-07	-2.332e-06	0.07999766800000001
7.170000000000005e-07	-2.332e-06	0.07999766800000001
7.180000000000002e-07	-2.332e-06	0.07999766800000001
7.190000000000002e-07	-2.332e-06	0.07999766800000001
7.200000000000003e-07	0.07999766800000001	0.07999766800000001
7.210000000000004e-07	-2.332e-06	0.07999766800000001
7.220000000000005e-07	0.07999766800000001	0.07999766800000001
7.230000000000005e-07	-2.332e-06	0.07999766800000001
7.240000000000002e-07	-2.332e-06	0.07999766800000001
7.250000000000003e-07	-2.332e-06	0.07999766800000001
7.260000000000003e-07	0.07999766800000001	0.07999766800000001
7.270000000000004e-07	-2.332e-06	0.07999766800000001
7.280000000000005e-07	0.07999766800000001	0.07999766800000001
7.290000000000001e-07	-2.332e-06	0.07999766800000001
7.300000000000002e-07	-2.332e-06	0.07999766800000001
7.310000000000003e-07	-2.332e-06	0.07999766800000001
7.320000000000004e-07	0.07999766800000001	0.07999766800000001
7.330000000000004e-07	-2.332e-06	0.07999766800000001
7.340000000000005e-07	-2.332e-06	0.07999766800000001
7.350000000000002e-07	-2.332e-06	0.07999766800000001
7.360000000000002e-07	-2.332e-06	0.07999766800000001
7.370000000000003e-07	-2.332e-06	0.07999766800000001
7.380000000000004e-07	-2.332e-06	0.07999766800000001
7.390000000000005e-07	-2.332e-06	0.07999766800000001
7.400000000000005e-07	0.07999766800000001	0.07999766800000001
7.410000000000002e-07	-2.332e-06	0.07999766800000001
7.420000000000003e-07	0.07999766800000001	0.07999766800000001
7.430000000000003e-07	-2.332e-06	0.07999766800000001
7.440000000000004e-07	0.07999766800000001	0.07999766800000001
7.450000000000005e-07	-2.332e-06	0.07999766800000001
7.460000000000001e-07	0.07999766800000001	0.07999766800000001
7.470000000000002e-07	-2.332e-06	0.07999766800000001
7.480000000000003e-07	0.07999766800000001	0.07999766800000001
7.490000000000004e-07	-2.332e-06	0.07999766800000001
7.500000000000004e-07	0.07999766800000001	0.07999766800000001
7.510000000000005e-07	-2.332e-06	0.07999766800000001
7.520000000000002e-07	0.07999766800000001	0.07999766800000001
7.530000000000002e-07	-2.332e-06	0.07999766800000001
7.540000000000003e-07	0.07999766800000001	0.159997668
7.550000000000004e-07	-2.332e-06	0.159997668
7.560000000000005e-07	0.07999766800000001	0.159997668
7.570000000000001e-07	-2.332e-06	0.07999766800000001
7.580000000000002e-07	-2.332e-06	0.07999766800000001
7.590000000000003e-07	0.07999766800000001	0.07999766800000001
7.600000000000003e-07	-2.332e-06	0.07999766800000001
7.610000000000004e-07	-2.332e-06	0.07999766800000001
7.620000000000005e-07	0.07999766800000001	0.07999766800000001
7.630000000000001e-07	-2.332e-06	0.07999766800000001
7.640000000000002e-07	-2.332e-06	0.07999766800000001
7.650000000000003e-07	-2.332e-06	0.07999766800000001
7.660000000000004e-07	-2.332e-06	0.07999766800000001
7.670000000000004e-07	-2.332e-06	0.07999766800000001
7.680000000000005e-07	-2.332e-06	0.07999766800000001
7.690000000000002e-07	-2.332e-06	0.07999766800000001
7.700000000000003e-07	0.07999766800000001	0.07999766800000001
7.710000000000003e-07	-2.332e-06	0.159997668
7.720000000000004e-07	0.07999766800000001	0.07999766800000001
7.730000000000005e-07	-2.332e-06	0.07999766800000001
7.740000000000001e-07	0.07999766800000001	0.07999766800000001
7.750000000000002e-07	-2.332e-06	0.07999766800000001
7.760000000000003e-07	0.07999766800000001	0.07999766800000001
7.770000000000004e-07	-2.332e-06	0.159997668
7.780000000000004e-07	-2.332e-06	0.07999766800000001
7.790000000000005e-07	-2.332e-06	0.07999766800000001
7.800000000000002e-07	-2.332e-06	0.07999766800000001
7.810000000000002e-07	-2.332e-06	0.07999766800000001
7.820000000000003e-07	-2.332e-06	0.159997668
7.830000000000004e-07	-2.332e-06	0.07999766800000001
7.840000000000005e-07	0.07999766800000001	0.07999766800000001
7.850000000000005e-07	-2.332e-06	0.07999766800000001
7.860000000000002e-07	-2.332e-06	0.07999766800000001
7.870000000000003e-07	0.07999766800000001	0.07999766800000001
7.880000000000003e-07	-2.332e-06	0.07999766800000001
7.890000000000004e-07	0.07999766800000001	0.07999766800000001
7.900000000000005e-07	0.07999766800000001	0.07999766800000001
7.910000000000001e-07	0.07999766800000001	0.07999766800000001
7.920000000000002e-07	-2.332e-06	0.07999766800000001
7.930000000000003e-07	-2.332e-06	0.07999766800000001
7.940000000000004e-07	-2.332e-06	0.07999766800000001
7.950000000000004e-07	-2.332e-06	0.07999766800000001
7.960000000000005e-07	0.07999766800000001	0.07999766800000001
7.970000000000002e-07	-2.332e-06	0.07999766800000001
7.980000000000002e-07	-2.332e-06	0.07999766800000001
7.990000000000003e-07	-2.332e-06	0.07999766800000001
8.000000000000004e-07	-2.332e-06	0.159997668
8.010000000000005e-07	0.07999766800000001	0.07999766800000001
8.020000000000005e-07	0.07999766800000001	0.07999766800000001
8.030000000000002e-07	-2.332e-06	0.07999766800000001
8.040000000000003e-07	0.07999766800000001	0.159997668
8.050000000000003e-07	0.07999766800000001	0.07999766800000001
8.060000000000004e-07	-2.332e-06	0.159997668
8.070000000000005e-07	0.07999766800000001	0.07999766800000001
8.080000000000001e-07	0.07999766800000001	0.07999766800000001
8.090000000000002e-07	0.07999766800000001	0.07999766800000001
8.100000000000003e-07	0.07999766800000001	0.07999766800000001
8.110000000000004e-07	-2.332e-06	0.07999766800000001
8.120000000000004e-07	0.07999766800000001	0.07999766800000001
8.130000000000005e-07	-2.332e-06	0.07999766800000001
8.140000000000002e-07	-2.332e-06	0.07999766800000001
8.150000000000002e-07	0.07999766800000001	0.07999766800000001
8.160000000000003e-07	0.07999766800000001	0.07999766800000001
8.170000000000004e-07	-2.332e-06	0.07999766800000001
8.180000000000005e-07	-2.332e-06	0.07999766800000001
8.190000000000001e-07	-2.332e-06	0.07999766800000001
8.200000000000002e-07	-2.332e-06	0.07999766800000001
8.210000000000003e-07	-2.332e-06	0.07999766800000001
8.220000000000003e-07	-2.332e-06	0.07999766800000001
8.230000000000004e-07	0.07999766800000001	0.07999766800000001
8.240000000000005e-07	-2.332e-06	0.07999766800000001
8.250000000000001e-07	0.07999766800000001	0.07999766800000001
8.260000000000002e-07	0.07999766800000001	0.07999766800000001
8.270000000000003e-07	0.07999766800000001	0.07999766800000001
8.280000000000004e-07	0.07999766800000001	0.07999766800000001
8.290000000000004e-07	-2.332e-06	0.07999766800000001
8.300000000000005e-07	0.07999766800000001	0.07999766800000001
8.310000000000002e-07	-2.332e-06	0.07999766800000001
8.320000000000003e-07	0.07999766800000001	0.07999766800000001
8.330000000000003e-07	-2.332e-06	0.07999766800000001
8.340000000000004e-07	-2.332e-06	0.07999766800000001
8.350000000000005e-07	-2.332e-06	0.07999766800000001
8.360000000000001e-07	0.07999766800000001	0.07999766800000001
8.370000000000002e-07	-2.332e-06	0.07999766800000001
8.380000000000003e-07	0.07999766800000001	0.159997668
8.390000000000004e-07	-2.332e-06	0.07999766800000001
8.400000000000004e-07	-2.332e-06	0.07999766800000001
8.410000000000005e-07	-2.332e-06	0.07999766800000001
8.420000000000002e-07	-2.332e-06	0.07999766800000001
8.430000000000002e-07	0.07999766800000001	0.07999766800000001
8.440000000000003e-07	0.07999766800000001	0.159997668
8.450000000000004e-07	-2.332e-06	0.07999766800000001
8.460000000000005e-07	-2.332e-06	0.07999766800000001
8.470000000000005e-07	-2.332e-06	0.07999766800000001
8.480000000000002e-07	-2.332e-06	0.07999766800000001
8.490000000000003e-07	-2.332e-06	0.07999766800000001
8.500000000000003e-07	-2.332e-06	0.07999766800000001
8.510000000000004e-07	-2.332e-06	0.07999766800000001
8.520000000000005e-07	-2.332e-06	0.07999766800000001
8.530000000000001e-07	-2.332e-06	0.07999766800000001
8.540000000000002e-07	0.07999766800000001	0.07999766800000001
8.550000000000003e-07	0.07999766800000001	0.07999766800000001
8.560000000000004e-07	0.07999766800000001	0.07999766800000001
8.570000000000004e-07	-2.332e-06	0.07999766800000001
8.580000000000005e-07	0.07999766800000001	0.07999766800000001
8.590000000000002e-07	-2.332e-06	0.07999766800000001
8.600000000000002e-07	-2.332e-06	0.07999766800000001
8.610000000000003e-07	-2.332e-06	0.07999766800000001
8.620000000000004e-07	-2.332e-06	0.07999766800000001
8.630000000000005e-07	0.07999766800000001	0.07999766800000001
8.640000000000005e-07	0.07999766800000001	0.07999766800000001
8.650000000000002e-07	-2.332e-06	0.07999766800000001
8.660000000000003e-07	0.07999766800000001	0.159997668
8.670000000000003e-07	-2.332e-06	0.07999766800000001
8.680000000000004e-07	-2.332e-06	0.07999766800000001
8.690000000000005e-07	-2.332e-06	0.07999766800000001
8.700000000000001e-07	0.07999766800000001	0.07999766800000001
8.710000000000002e-07	0.07999766800000001	0.07999766800000001
8.720000000000003e-07	0.07999766800000001	0.159997668
8.730000000000004e-07	-2.332e-06	0.07999766800000001
8.740000000000004e-07	0.07999766800000001	0.07999766800000001
8.750000000000005e-07	-2.332e-06	0.07999766800000001
8.760000000000002e-07	0.07999766800000001	0.159997668
8.770000000000002e-07	-2.332e-06	0.07999766800000001
8.780000000000003e-07	-2.332e-06	0.07999766800000001
8.790000000000004e-07	-2.332e-06	0.07999766800000001
8.800000000000005e-07	-2.332e-06	0.07999766800000001
8.810000000000005e-07	-2.332e-06	0.07999766800000001
8.820000000000002e-07	0.07999766800000001	0.07999766800000001
8.830000000000003e-07	-2.332e-06	0.07999766800000001
8.840000000000003e-07	-2.332e-06	0.159997668
8.850000000000004e-07	-2.332e-06	0.07999766800000001
8.860000000000005e-07	0.07999766800000001	0.07999766800000001
8.870000000000001e-07	0.07999766800000001	0.07999766800000001
8.880000000000002e-07	0.07999766800000001	0.07999766800000001
8.890000000000003e-07	0.07999766800000001	0.07999766800000001
8.900000000000004e-07	-2.332e-06	0.159997668
8.910000000000004e-07	-2.332e-06	0.07999766800000001
8.920000000000005e-07	0.07999766800000001	0.07999766800000001
8.930000000000002e-07	0.07999766800000001	0.07999766800000001
8.940000000000002e-07	0.07999766800000001	0.07999766800000001
8.950000000000003e-07	-2.332e-06	0.07999766800000001
8.960000000000004e-07	-2.332e-06	0.07999766800000001
8.970000000000005e-07	-2.332e-06	0.07999766800000001
8.980000000000001e-07	-2.332e-06	0.07999766800000001
8.990000000000002e-07	0.07999766800000001	0.07999766800000001
9.000000000000003e-07	-2.332e-06	0.07999766800000001
9.010000000000004e-07	-2.332e-06	0.07999766800000001
9.020000000000004e-07	-2.332e-06	0.07999766800000001
9.030000000000005e-07	-2.332e-06	0.07999766800000001
9.040000000000002e-07	0.07999766800000001	0.07999766800000001
9.050000000000002e-07	-2.332e-06	0.07999766800000001
9.060000000000003e-07	0.07999766800000001	0.07999766800000001
9.070000000000004e-07	0.07999766800000001	-2.332e-06
9.080000000000005e-07	0.07999766800000001	0.07999766800000001
9.090000000000005e-07	-2.332e-06	0.07999766800000001
9.100000000000002e-07	-2.332e-06	0.07999766800000001
9.110000000000003e-07	-2.332e-06	0.07999766800000001
9.120000000000003e-07	-2.332e-06	0.07999766800000001
9.130000000000004e-07	0.07999766800000001	0.07999766800000001
9.140000000000005e-07	-2.332e-06	0.07999766800000001
9.150000000000001e-07	0.07999766800000001	0.07999766800000001
9.160000000000002e-07	0.07999766800000001	-2.332e-06
9.170000000000003e-07	-2.332e-06	-2.332e-06
9.180000000000004e-07	-2.332e-06	0.07999766800000001
9.190000000000004e-07	-2.332e-06	0.07999766800000001
9.200000000000005e-07	-2.332e-06	0.07999766800000001
9.210000000000002e-07	-2.332e-06	0.07999766800000001
9.220000000000002e-07	-2.332e-06	0.159997668
9.230000000000003e-07	-2.332e-06	0.07999766800000001
9.240000000000004e-07	-2.332e-06	0.07999766800000001
9.250000000000005e-07	-2.332e-06	0.07999766800000001
9.260000000000005e-07	0.07999766800000001	0.159997668
9.270000000000002e-07	-2.332e-06	0.07999766800000001
9.280000000000003e-07	-2.332e-06	0.07999766800000001
9.290000000000003e-07	0.07999766800000001	0.07999766800000001
9.300000000000004e-07	0.07999766800000001	0.159997668
9.310000000000005e-07	-2.332e-06	0.07999766800000001
9.320000000000001e-07	-2.332e-06	0.07999766800000001
9.330000000000002e-07	-2.332e-06	0.07999766800000001
9.340000000000003e-07	-2.332e-06	0.07999766800000001
9.350000000000004e-07	-2.332e-06	0.07999766800000001
9.360000000000004e-07	-2.332e-06	0.07999766800000001
9.370000000000005e-07	-2.332e-06	0.07999766800000001
9.380000000000002e-07	0.07999766800000001	0.07999766800000001
9.390000000000002e-07	-2.332e-06	0.07999766800000001
9.400000000000003e-07	-2.332e-06	0.159997668
9.410000000000004e-07	-2.332e-06	0.07999766800000001
9.420000000000005e-07	0.07999766800000001	0.159997668
9.430000000000005e-07	-2.332e-06	0.07999766800000001
9.440000000000002e-07	-2.332e-06	0.159997668
9.450000000000003e-07	-2.332e-06	0.07999766800000001
9.460000000000003e-07	0.07999766800000001	0.159997668
9.470000000000004e-07	-2.332e-06	0.07999766800000001
9.480000000000005e-07	-2.332e-06	0.07999766800000001
9.490000000000001e-07	-2.332e-06	0.07999766800000001
9.500000000000002e-07	0.07999766800000001	0.159997668
9.510000000000003e-07	-2.332e-06	0.07999766800000001
9.520000000000004e-07	0.07999766800000001	0.07999766800000001
9.530000000000004e-07	-2.332e-06	0.07999766800000001
9.540000000000005e-07	0.07999766800000001	0.159997668
9.550000000000002e-07	-2.332e-06	0.07999766800000001
9.560000000000002e-07	0.07999766800000001	0.159997668
9.570000000000003e-07	0.07999766800000001	0.07999766800000001
9.580000000000004e-07	0.07999766800000001	0.07999766800000001
9.590000000000005e-07	-2.332e-06	0.07999766800000001
9.600000000000005e-07	0.07999766800000001	0.07999766800000001
9.610000000000002e-07	0.07999766800000001	0.07999766800000001
9.620000000000003e-07	0.07999766800000001	0.07999766800000001
9.630000000000004e-07	0.07999766800000001	0.07999766800000001
9.640000000000004e-07	0.07999766800000001	0.07999766800000001
9.650000000000005e-07	-2.332e-06	0.07999766800000001
9.660000000000002e-07	-2.332e-06	0.07999766800000001
9.670000000000002e-07	-2.332e-06	0.07999766800000001
9.680000000000003e-07	-2.332e-06	0.159997668
9.690000000000004e-07	-2.332e-06	0.07999766800000001
9.700000000000005e-07	0.07999766800000001	0.07999766800000001
9.710000000000005e-07	-2.332e-06	0.07999766800000001
9.720000000000002e-07	0.07999766800000001	0.07999766800000001
9.730000000000003e-07	-2.332e-06	0.07999766800000001
9.740000000000003e-07	0.07999766800000001	0.07999766800000001
9.750000000000004e-07	-2.332e-06	0.07999766800000001
9.760000000000005e-07	-2.332e-06	0.07999766800000001
9.770000000000001e-07	-2.332e-06	0.07999766800000001
9.780000000000002e-07	-2.332e-06	0.07999766800000001
9.790000000000003e-07	-2.332e-06	0.07999766800000001
9.800000000000004e-07	0.07999766800000001	0.07999766800000001
9.810000000000004e-07	0.07999766800000001	0.07999766800000001
9.820000000000005e-07	0.07999766800000001	0.07999766800000001
9.830000000000002e-07	-2.332e-06	0.07999766800000001
9.840000000000002e-07	-2.332e-06	0.07999766800000001
9.850000000000003e-07	-2.332e-06	0.07999766800000001
9.860000000000004e-07	0.07999766800000001	0.07999766800000001
9.870000000000005e-07	-2.332e-06	0.07999766800000001
9.880000000000005e-07	0.07999766800000001	0.07999766800000001
9.890000000000002e-07	0.07999766800000001	0.07999766800000001
9.900000000000003e-07	-2.332e-06	0.07999766800000001
9.910000000000003e-07	-2.332e-06	0.07999766800000001
9.920000000000004e-07	-2.332e-06	0.07999766800000001
9.930000000000005e-07	0.07999766800000001	0.07999766800000001
9.940000000000001e-07	0.07999766800000001	0.07999766800000001
9.950000000000002e-07	-2.332e-06	0.07999766800000001
9.960000000000003e-07	-2.332e-06	0.07999766800000001
9.970000000000004e-07	-2.332e-06	0.07999766800000001
9.980000000000004e-07	-2.332e-06	0.07999766800000001
9.990000000000005e-07	-2.332e-06	0.07999766800000001
1.0000000000000002e-06	-2.332e-06	0.159997668
1.0010000000000002e-06	0.07999766800000001	-2.332e-06
1.0020000000000003e-06	-2.332e-06	0.07999766800000001
1.0030000000000004e-06	-2.332e-06	0.07999766800000001
1.0040000000000005e-06	0.07999766800000001	0.07999766800000001
1.0050000000000005e-06	-2.332e-06	0.07999766800000001
1.0060000000000002e-06	0.07999766800000001	0.07999766800000001
1.0070000000000003e-06	-2.332e-06	0.07999766800000001
1.0080000000000003e-06	0.07999766800000001	0.07999766800000001
1.0090000000000004e-06	-2.332e-06	0.07999766800000001
1.0100000000000005e-06	0.07999766800000001	0.159997668
1.0110000000000001e-06	0.07999766800000001	0.07999766800000001
1.0120000000000002e-06	-2.332e-06	0.07999766800000001
1.0130000000000003e-06	-2.332e-06	0.07999766800000001
1.0140000000000004e-06	-2.332e-06	0.07999766800000001
1.0150000000000004e-06	-2.332e-06	0.07999766800000001
1.0160000000000005e-06	-2.332e-06	0.07999766800000001
1.0170000000000002e-06	0.07999766800000001	0.07999766800000001
1.0180000000000002e-06	-2.332e-06	0.159997668
1.0190000000000003e-06	0.07999766800000001	0.07999766800000001
1.0200000000000004e-06	-2.332e-06	0.07999766800000001
1.0210000000000005e-06	-2.332e-06	0.07999766800000001
1.0220000000000005e-06	-2.332e-06	0.159997668
1.0230000000000002e-06	0.07999766800000001	0.07999766800000001
1.0240000000000003e-06	-2.332e-06	0.07999766800000001
1.0250000000000004e-06	0.07999766800000001	0.07999766800000001
1.0260000000000004e-06	0.07999766800000001	0.159997668
1.0270000000000005e-06	-2.332e-06	0.07999766800000001
1.0280000000000002e-06	0.07999766800000001	0.07999766800000001
1.0290000000000002e-06	-2.332e-06	0.07999766800000001
1.0300000000000003e-06	0.07999766800000001	0.07999766800000001
1.0310000000000004e-06	-2.332e-06	0.07999766800000001
1.0320000000000005e-06	0.07999766800000001	0.159997668
1.0330000000000005e-06	-2.332e-06	0.07999766800000001
1.0340000000000002e-06	-2.332e-06	0.07999766800000001
1.0350000000000003e-06	0.07999766800000001	0.07999766800000001
1.0360000000000003e-06	-2.332e-06	0.07999766800000001
1.0370000000000004e-06	-2.332e-06	0.07999766800000001
1.0380000000000005e-06	0.07999766800000001	0.07999766800000001
1.0390000000000006e-06	-2.332e-06	0.07999766800000001
1.0400000000000002e-06	-2.332e-06	0.07999766800000001
1.0410000000000003e-06	-2.332e-06	0.07999766800000001
1.0420000000000004e-06	-2.332e-06	0.07999766800000001
1.0430000000000004e-06	0.07999766800000001	0.07999766800000001
1.0440000000000005e-06	0.07999766800000001	0.159997668
1.0450000000000002e-06	-2.332e-06	0.07999766800000001
1.0460000000000002e-06	0.07999766800000001	0.07999766800000001
1.0470000000000003e-06	-2.332e-06	0.07999766800000001
1.0480000000000004e-06	0.07999766800000001	0.07999766800000001
1.0490000000000005e-06	-2.332e-06	0.07999766800000001
1.0500000000000005e-06	0.07999766800000001	0.07999766800000001
1.0510000000000002e-06	0.07999766800000001	0.07999766800000001
1.0520000000000003e-06	0.07999766800000001	0.159997668
1.0530000000000003e-06	-2.332e-06	0.07999766800000001
1.0540000000000004e-06	-2.332e-06	0.07999766800000001
1.0550000000000005e-06	-2.332e-06	0.07999766800000001
1.0560000000000001e-06	0.07999766800000001	0.07999766800000001
1.0570000000000002e-06	-2.332e-06	0.07999766800000001
1.0580000000000003e-06	0.07999766800000001	0.07999766800000001
1.0590000000000004e-06	-2.332e-06	0.07999766800000001
1.0600000000000004e-06	-2.332e-06	0.07999766800000001
1.0610000000000005e-06	-2.332e-06	0.07999766800000001
1.0620000000000002e-06	-2.332e-06	0.159997668
1.0630000000000002e-06	-2.332e-06	0.07999766800000001
1.0640000000000003e-06	-2.332e-06	0.07999766800000001
1.0650000000000004e-06	0.07999766800000001	0.07999766800000001
1.0660000000000005e-06	0.07999766800000001	0.07999766800000001
1.0670000000000005e-06	-2.332e-06	0.07999766800000001
1.0680000000000002e-06	-2.332e-06	0.07999766800000001
1.0690000000000003e-06	-2.332e-06	0.07999766800000001
1.0700000000000003e-06	-2.332e-06	0.07999766800000001
1.0710000000000004e-06	-2.332e-06	0.07999766800000001
1.0720000000000005e-06	0.07999766800000001	0.07999766800000001
1.0730000000000001e-06	-2.332e-06	0.07999766800000001
1.0740000000000002e-06	0.07999766800000001	0.07999766800000001
1.0750000000000003e-06	-2.332e-06	0.07999766800000001
1.0760000000000004e-06	0.07999766800000001	0.07999766800000001
1.0770000000000004e-06	-2.332e-06	0.07999766800000001
1.0780000000000005e-06	0.07999766800000001	0.07999766800000001
1.0790000000000002e-06	-2.332e-06	0.07999766800000001
1.0800000000000002e-06	0.07999766800000001	0.07999766800000001
1.0810000000000003e-06	-2.332e-06	0.07999766800000001
1.0820000000000004e-06	-2.332e-06	0.07999766800000001
1.0830000000000005e-06	-2.332e-06	0.07999766800000001
1.0840000000000005e-06	-2.332e-06	0.07999766800000001
1.0850000000000002e-06	-2.332e-06	0.07999766800000001
1.0860000000000003e-06	-2.332e-06	0.07999766800000001
1.0870000000000003e-06	-2.332e-06	0.07999766800000001
1.0880000000000004e-06	0.07999766800000001	0.07999766800000001
1.0890000000000005e-06	-2.332e-06	0.07999766800000001
1.0900000000000002e-06	-2.332e-06	0.159997668
1.0910000000000002e-06	-2.332e-06	0.07999766800000001
1.0920000000000003e-06	-2.332e-06	0.159997668
1.0930000000000004e-06	-2.332e-06	0.07999766800000001
1.0940000000000005e-06	-2.332e-06	0.07999766800000001
1.0950000000000005e-06	-2.332e-06	0.07999766800000001
1.0960000000000002e-06	0.07999766800000001	0.07999766800000001
1.0970000000000003e-06	-2.332e-06	0.07999766800000001
1.0980000000000003e-06	0.07999766800000001	0.07999766800000001
1.0990000000000004e-06	-2.332e-06	0.07999766800000001
1.1000000000000005e-06	0.07999766800000001	0.07999766800000001
1.1010000000000006e-06	-2.332e-06	0.07999766800000001
1.1020000000000002e-06	0.07999766800000001	0.07999766800000001
1.1030000000000003e-06	-2.332e-06	0.07999766800000001
1.1040000000000004e-06	0.07999766800000001	0.07999766800000001
1.1050000000000004e-06	-2.332e-06	0.07999766800000001
1.1060000000000005e-06	0.07999766800000001	0.07999766800000001
1.1070000000000002e-06	-2.332e-06	0.07999766800000001
1.1080000000000002e-06	0.07999766800000001	0.07999766800000001
1.1090000000000003e-06	-2.332e-06	0.07999766800000001
1.1100000000000004e-06	0.07999766800000001	0.07999766800000001
1.1110000000000005e-06	-2.332e-06	0.07999766800000001
1.1120000000000005e-06	0.07999766800000001	0.159997668
1.1130000000000002e-06	-2.332e-06	0.07999766800000001
1.1140000000000003e-06	0.07999766800000001	0.07999766800000001
1.1150000000000003e-06	0.07999766800000001	0.07999766800000001
1.1160000000000004e-06	0.07999766800000001	0.07999766800000001
1.1170000000000005e-06	0.07999766800000001	0.07999766800000001
1.1180000000000006e-06	0.07999766800000001	0.07999766800000001
1.1190000000000002e-06	-2.332e-06	0.07999766800000001
1.1200000000000003e-06	0.07999766800000001	0.07999766800000001
1.1210000000000004e-06	-2.332e-06	0.07999766800000001
1.1220000000000004e-06	-2.332e-06	0.07999766800000001
1.1230000000000005e-06	-2.332e-06	0.07999766800000001
1.1240000000000002e-06	0.07999766800000001	0.07999766800000001
1.1250000000000002e-06	-2.332e-06	0.07999766800000001
1.1260000000000003e-06	0.07999766800000001	0.07999766800000001
1.1270000000000004e-06	-2.332e-06	0.07999766800000001
1.1280000000000005e-06	-2.332e-06	0.07999766800000001
1.1290000000000005e-06	-2.332e-06	0.07999766800000001
1.1300000000000002e-06	-2.332e-06	0.07999766800000001
1.1310000000000003e-06	-2.332e-06	0.07999766800000001
1.1320000000000003e-06	-2.332e-06	0.07999766800000001
1.1330000000000004e-06	-2.332e-06	0.07999766800000001
1.1340000000000005e-06	-2.332e-06	0.159997668
1.1350000000000001e-06	-2.332e-06	0.07999766800000001
1.1360000000000002e-06	-2.332e-06	0.159997668
1.1370000000000003e-06	-2.332e-06	0.07999766800000001
1.1380000000000004e-06	0.07999766800000001	0.07999766800000001
1.1390000000000004e-06	-2.332e-06	0.07999766800000001
1.1400000000000005e-06	0.07999766800000001	0.07999766800000001
1.1410000000000002e-06	-2.332e-06	0.159997668
1.1420000000000002e-06	0.07999766800000001	0.07999766800000001
1.1430000000000003e-06	-2.332e-06	0.07999766800000001
1.1440000000000004e-06	0.07999766800000001	0.07999766800000001
1.1450000000000005e-06	-2.332e-06	0.07999766800000001
1.1460000000000005e-06	0.07999766800000001	0.07999766800000001
1.1470000000000002e-06	-2.332e-06	0.07999766800000001
1.1480000000000003e-06	-2.332e-06	0.07999766800000001
1.1490000000000003e-06	-2.332e-06	0.07999766800000001
1.1500000000000004e-06	0.07999766800000001	0.159997668
1.1510000000000005e-06	0.07999766800000001	0.07999766800000001
1.1520000000000002e-06	0.07999766800000001	0.07999766800000001
1.1530000000000002e-06	-2.332e-06	0.07999766800000001
1.1540000000000003e-06	0.07999766800000001	0.07999766800000001
1.1550000000000004e-06	-2.332e-06	0.07999766800000001
1.1560000000000005e-06	0.07999766800000001	0.07999766800000001
1.1570000000000005e-06	0.07999766800000001	0.07999766800000001
1.1580000000000002e-06	-2.332e-06	0.07999766800000001
1.1590000000000003e-06	-2.332e-06	0.159997668
1.1600000000000003e-06	0.07999766800000001	0.159997668
1.1610000000000004e-06	-2.332e-06	0.07999766800000001
1.1620000000000005e-06	0.07999766800000001	0.159997668
1.1630000000000006e-06	-2.332e-06	0.07999766800000001
1.1640000000000002e-06	0.07999766800000001	0.07999766800000001
1.1650000000000003e-06	-2.332e-06	0.07999766800000001
1.1660000000000004e-06	0.07999766800000001	0.07999766800000001
1.1670000000000004e-06	-2.332e-06	0.07999766800000001
1.1680000000000005e-06	-2.332e-06	0.07999766800000001
1.1690000000000002e-06	-2.332e-06	0.07999766800000001
1.1700000000000002e-06	-2.332e-06	0.07999766800000001
1.1710000000000003e-06	-2.332e-06	0.07999766800000001
1.1720000000000004e-06	0.07999766800000001	0.159997668
1.1730000000000005e-06	0.07999766800000001	0.07999766800000001
1.1740000000000005e-06	0.07999766800000001	0.07999766800000001
1.1750000000000002e-06	-2.332e-06	0.07999766800000001
1.1760000000000003e-06	-2.332e-06	0.07999766800000001
1.1770000000000003e-06	-2.332e-06	0.07999766800000001
1.1780000000000004e-06	-2.332e-06	0.07999766800000001
1.1790000000000005e-06	-2.332e-06	0.07999766800000001
1.1800000000000006e-06	0.07999766800000001	0.07999766800000001
1.1810000000000002e-06	-2.332e-06	0.07999766800000001
1.1820000000000003e-06	0.07999766800000001	0.07999766800000001
1.1830000000000004e-06	-2.332e-06	0.07999766800000001
1.1840000000000004e-06	0.07999766800000001	0.07999766800000001
1.1850000000000005e-06	-2.332e-06	-2.332e-06
1.1860000000000002e-06	-2.332e-06	0.07999766800000001
1.1870000000000002e-06	0.07999766800000001	-2.332e-06
1.1880000000000003e-06	-2.332e-06	0.07999766800000001
1.1890000000000004e-06	0.07999766800000001	0.07999766800000001
1.1900000000000005e-06	0.07999766800000001	0.07999766800000001
1.1910000000000005e-06	0.07999766800000001	0.07999766800000001
1.1920000000000002e-06	0.07999766800000001	0.07999766800000001
1.1930000000000003e-06	-2.332e-06	0.07999766800000001
1.1940000000000003e-06	0.07999766800000001	0.07999766800000001
1.1950000000000004e-06	-2.332e-06	0.07999766800000001
1.1960000000000005e-06	0.07999766800000001	0.07999766800000001
1.1970000000000001e-06	-2.332e-06	0.07999766800000001
1.1980000000000002e-06	0.07999766800000001	0.07999766800000001
1.1990000000000003e-06	-2.332e-06	0.07999766800000001
1.2000000000000004e-06	0.07999766800000001	0.159997668
1.2010000000000004e-06	-2.332e-06	0.07999766800000001
1.2020000000000005e-06	0.07999766800000001	0.07999766800000001
1.2030000000000002e-06	-2.332e-06	0.07999766800000001
1.2040000000000002e-06	-2.332e-06	0.07999766800000001
1.2050000000000003e-06	-2.332e-06	0.07999766800000001
1.2060000000000004e-06	-2.332e-06	0.07999766800000001
1.2070000000000005e-06	-2.332e-06	0.07999766800000001
1.2080000000000005e-06	-2.332e-06	0.07999766800000001
1.2090000000000002e-06	-2.332e-06	0.07999766800000001
1.2100000000000003e-06	0.07999766800000001	0.07999766800000001
1.2110000000000003e-06	-2.332e-06	0.07999766800000001
1.2120000000000004e-06	-2.332e-06	0.07999766800000001
1.2130000000000005e-06	-2.332e-06	0.07999766800000001
1.2140000000000002e-06	-2.332e-06	0.07999766800000001
1.2150000000000002e-06	-2.332e-06	-2.332e-06
1.2160000000000003e-06	-2.332e-06	0.07999766800000001
1.2170000000000004e-06	0.07999766800000001	0.07999766800000001
1.2180000000000005e-06	0.07999766800000001	0.07999766800000001
1.2190000000000005e-06	-2.332e-06	0.07999766800000001
1.2200000000000002e-06	-2.332e-06	0.07999766800000001
1.2210000000000003e-06	-2.332e-06	0.07999766800000001
1.2220000000000003e-06	0.07999766800000001	0.07999766800000001
1.2230000000000004e-06	-2.332e-06	0.07999766800000001
1.2240000000000005e-06	0.07999766800000001	0.07999766800000001
1.2250000000000006e-06	-2.332e-06	0.07999766800000001
1.2260000000000002e-06	0.07999766800000001	0.07999766800000001
1.2270000000000003e-06	-2.332e-06	0.07999766800000001
1.2280000000000004e-06	-2.332e-06	0.07999766800000001
1.2290000000000004e-06	-2.332e-06	0.07999766800000001
1.2300000000000005e-06	0.07999766800000001	0.07999766800000001
1.2310000000000002e-06	-2.332e-06	0.07999766800000001
1.2320000000000002e-06	0.07999766800000001	0.07999766800000001
1.2330000000000003e-06	-2.332e-06	0.159997668
1.2340000000000004e-06	-2.332e-06	0.07999766800000001
1.2350000000000005e-06	-2.332e-06	0.07999766800000001
1.2360000000000005e-06	-2.332e-06	0.07999766800000001
1.2370000000000002e-06	-2.332e-06	0.07999766800000001
1.2380000000000003e-06	-2.332e-06	0.07999766800000001
1.2390000000000003e-06	-2.332e-06	0.07999766800000001
1.2400000000000004e-06	0.07999766800000001	0.07999766800000001
1.2410000000000005e-06	-2.332e-06	0.07999766800000001
1.2420000000000006e-06	0.07999766800000001	0.07999766800000001
1.2430000000000002e-06	-2.332e-06	0.07999766800000001
1.2440000000000003e-06	0.07999766800000001	0.07999766800000001
1.2450000000000004e-06	-2.332e-06	0.07999766800000001
1.2460000000000004e-06	0.07999766800000001	0.07999766800000001
1.2470000000000005e-06	-2.332e-06	0.07999766800000001
1.2480000000000002e-06	0.07999766800000001	0.07999766800000001
1.2490000000000002e-06	-2.332e-06	0.07999766800000001
1.2500000000000003e-06	0.07999766800000001	0.07999766800000001
1.2510000000000004e-06	-2.332e-06	0.07999766800000001
1.2520000000000005e-06	0.07999766800000001	0.159997668
1.2530000000000005e-06	-2.332e-06	0.07999766800000001
1.2540000000000002e-06	0.07999766800000001	0.159997668
1.2550000000000003e-06	-2.332e-06	0.07999766800000001
1.2560000000000003e-06	-2.332e-06	0.07999766800000001
1.2570000000000004e-06	-2.332e-06	0.07999766800000001
1.2580000000000005e-06	-2.332e-06	0.07999766800000001
1.2590000000000006e-06	-2.332e-06	0.159997668
1.2600000000000002e-06	-2.332e-06	0.07999766800000001
1.2610000000000003e-06	-2.332e-06	-2.332e-06
1.2620000000000004e-06	-2.332e-06	0.07999766800000001
1.2630000000000004e-06	-2.332e-06	-2.332e-06
1.2640000000000005e-06	0.07999766800000001	0.07999766800000001
1.2650000000000002e-06	0.07999766800000001	0.07999766800000001
1.2660000000000002e-06	0.07999766800000001	0.07999766800000001
1.2670000000000003e-06	-2.332e-06	0.07999766800000001
1.2680000000000004e-06	-2.332e-06	0.07999766800000001
1.2690000000000005e-06	-2.332e-06	0.07999766800000001
1.2700000000000005e-06	0.07999766800000001	0.07999766800000001
1.2710000000000002e-06	-2.332e-06	0.07999766800000001
1.2720000000000003e-06	0.07999766800000001	0.07999766800000001
1.2730000000000003e-06	0.07999766800000001	0.07999766800000001
1.2740000000000004e-06	-2.332e-06	0.07999766800000001
1.2750000000000005e-06	-2.332e-06	0.07999766800000001
1.2760000000000001e-06	0.07999766800000001	0.07999766800000001
1.2770000000000002e-06	-2.332e-06	0.07999766800000001
1.2780000000000003e-06	0.07999766800000001	0.07999766800000001
1.2790000000000004e-06	-2.332e-06	0.07999766800000001
1.2800000000000005e-06	0.07999766800000001	0.07999766800000001
1.2810000000000005e-06	-2.332e-06	0.07999766800000001
1.2820000000000002e-06	0.07999766800000001	0.159997668
1.2830000000000003e-06	-2.332e-06	0.07999766800000001
1.2840000000000003e-06	0.07999766800000001	0.159997668
1.2850000000000004e-06	-2.332e-06	0.07999766800000001
1.2860000000000005e-06	-2.332e-06	0.159997668
1.2870000000000006e-06	-2.332e-06	0.07999766800000001
1.2880000000000002e-06	0.07999766800000001	0.159997668
1.2890000000000003e-06	0.07999766800000001	0.07999766800000001
1.2900000000000004e-06	0.07999766800000001	0.07999766800000001
1.2910000000000004e-06	0.07999766800000001	0.159997668
1.2920000000000005e-06	-2.332e-06	0.07999766800000001
1.2930000000000002e-06	-2.332e-06	0.07999766800000001
1.2940000000000002e-06	-2.332e-06	0.07999766800000001
1.2950000000000003e-06	-2.332e-06	0.07999766800000001
1.2960000000000004e-06	-2.332e-06	0.159997668
1.2970000000000005e-06	0.07999766800000001	0.07999766800000001
1.2980000000000005e-06	-2.332e-06	0.07999766800000001
1.2990000000000002e-06	-2.332e-06	0.07999766800000001
1.3000000000000003e-06	-2.332e-06	0.07999766800000001
1.3010000000000003e-06	-2.332e-06	0.07999766800000001
1.3020000000000004e-06	-2.332e-06	0.07999766800000001
1.3030000000000005e-06	-2.332e-06	0.07999766800000001
1.3040000000000006e-06	-2.332e-06	0.07999766800000001
1.3050000000000002e-06	-2.332e-06	0.07999766800000001
1.3060000000000003e-06	0.07999766800000001	0.07999766800000001
1.3070000000000004e-06	0.07999766800000001	0.07999766800000001
1.3080000000000004e-06	-2.332e-06	0.07999766800000001
1.3090000000000005e-06	0.07999766800000001	-2.332e-06
1.3100000000000002e-06	-2.332e-06	0.07999766800000001
1.3110000000000002e-06	-2.332e-06	0.07999766800000001
1.3120000000000003e-06	-2.332e-06	0.07999766800000001
1.3130000000000004e-06	-2.332e-06	0.07999766800000001
1.3140000000000005e-06	-2.332e-06	0.07999766800000001
1.3150000000000005e-06	0.07999766800000001	0.07999766800000001
1.3160000000000002e-06	-2.332e-06	0.07999766800000001
1.3170000000000003e-06	0.07999766800000001	0.07999766800000001
1.3180000000000003e-06	-2.332e-06	0.07999766800000001
1.3190000000000004e-06	0.07999766800000001	0.07999766800000001
1.3200000000000005e-06	0.07999766800000001	0.07999766800000001
1.3210000000000006e-06	-2.332e-06	0.07999766800000001
1.3220000000000002e-06	0.07999766800000001	0.07999766800000001
1.3230000000000003e-06	-2.332e-06	0.07999766800000001
1.3240000000000004e-06	0.07999766800000001	0.07999766800000001
1.3250000000000004e-06	-2.332e-06	0.07999766800000001
1.3260000000000005e-06	-2.332e-06	0.07999766800000001
1.3270000000000002e-06	0.07999766800000001	0.07999766800000001
1.3280000000000002e-06	0.07999766800000001	0.07999766800000001
1.3290000000000003e-06	-2.332e-06	0.07999766800000001
1.3300000000000004e-06	0.07999766800000001	0.07999766800000001
1.3310000000000005e-06	-2.332e-06	0.07999766800000001
1.3320000000000005e-06	0.07999766800000001	0.07999766800000001
1.3330000000000002e-06	-2.332e-06	0.07999766800000001
1.3340000000000003e-06	0.07999766800000001	0.07999766800000001
1.3350000000000003e-06	-2.332e-06	0.07999766800000001
1.3360000000000004e-06	-2.332e-06	0.07999766800000001
1.3370000000000005e-06	-2.332e-06	0.07999766800000001
1.3380000000000006e-06	0.07999766800000001	0.159997668
1.3390000000000002e-06	-2.332e-06	0.07999766800000001
1.3400000000000003e-06	0.07999766800000001	0.07999766800000001
1.3410000000000004e-06	-2.332e-06	0.07999766800000001
1.3420000000000004e-06	-2.332e-06	0.07999766800000001
1.3430000000000005e-06	0.07999766800000001	0.07999766800000001
1.3440000000000002e-06	0.07999766800000001	0.07999766800000001
1.3450000000000003e-06	-2.332e-06	0.07999766800000001
1.3460000000000003e-06	0.07999766800000001	0.07999766800000001
1.3470000000000004e-06	-2.332e-06	0.07999766800000001
1.3480000000000005e-06	-2.332e-06	0.07999766800000001
1.3490000000000006e-06	-2.332e-06	0.07999766800000001
1.3500000000000002e-06	-2.332e-06	0.07999766800000001
1.3510000000000003e-06	-2.332e-06	0.07999766800000001
1.3520000000000004e-06	-2.332e-06	0.07999766800000001
1.3530000000000004e-06	-2.332e-06	0.07999766800000001
1.3540000000000005e-06	0.07999766800000001	0.07999766800000001
1.3550000000000002e-06	-2.332e-06	0.07999766800000001
1.3560000000000002e-06	0.07999766800000001	0.07999766800000001
1.3570000000000003e-06	-2.332e-06	0.07999766800000001
1.3580000000000004e-06	-2.332e-06	0.07999766800000001
1.3590000000000005e-06	0.07999766800000001	0.07999766800000001
1.3600000000000005e-06	0.07999766800000001	0.07999766800000001
1.3610000000000002e-06	-2.332e-06	0.07999766800000001
1.3620000000000003e-06	0.07999766800000001	0.07999766800000001
1.3630000000000003e-06	0.07999766800000001	0.07999766800000001
1.3640000000000004e-06	0.07999766800000001	0.07999766800000001
1.3650000000000005e-06	-2.332e-06	0.07999766800000001
1.3660000000000006e-06	0.07999766800000001	0.07999766800000001
1.3670000000000002e-06	-2.332e-06	0.07999766800000001
1.3680000000000003e-06	0.07999766800000001	0.07999766800000001
1.3690000000000004e-06	-2.332e-06	0.07999766800000001
1.3700000000000004e-06	-2.332e-06	0.07999766800000001
1.3710000000000005e-06	-2.332e-06	0.07999766800000001
1.3720000000000002e-06	0.07999766800000001	0.07999766800000001
1.3730000000000002e-06	-2.332e-06	0.07999766800000001
1.3740000000000003e-06	-2.332e-06	0.07999766800000001
1.3750000000000004e-06	-2.332e-06	0.07999766800000001
1.3760000000000005e-06	-2.332e-06	0.07999766800000001
1.3770000000000005e-06	0.07999766800000001	0.07999766800000001
1.3780000000000002e-06	0.07999766800000001	0.07999766800000001
1.3790000000000003e-06	-2.332e-06	0.07999766800000001
1.3800000000000003e-06	0.07999766800000001	0.07999766800000001
1.3810000000000004e-06	-2.332e-06	0.07999766800000001
1.3820000000000005e-06	-2.332e-06	0.07999766800000001
1.3830000000000006e-06	-2.332e-06	0.07999766800000001
1.3840000000000002e-06	0.07999766800000001	0.07999766800000001
1.3850000000000003e-06	-2.332e-06	0.07999766800000001
1.3860000000000004e-06	0.07999766800000001	0.159997668
1.3870000000000004e-06	-2.332e-06	0.07999766800000001
1.3880000000000005e-06	0.07999766800000001	0.07999766800000001
1.3890000000000002e-06	-2.332e-06	0.07999766800000001
1.3900000000000002e-06	-2.332e-06	0.07999766800000001
1.3910000000000003e-06	-2.332e-06	0.07999766800000001
1.3920000000000004e-06	-2.332e-06	0.07999766800000001
1.3930000000000005e-06	-2.332e-06	0.07999766800000001
1.3940000000000005e-06	-2.332e-06	0.07999766800000001
1.3950000000000002e-06	-2.332e-06	0.07999766800000001
1.3960000000000003e-06	0.07999766800000001	0.07999766800000001
1.3970000000000003e-06	-2.332e-06	0.07999766800000001
1.3980000000000004e-06	-2.332e-06	0.07999766800000001
1.3990000000000005e-06	-2.332e-06	0.07999766800000001
1.4000000000000006e-06	0.07999766800000001	0.159997668
1.4010000000000002e-06	-2.332e-06	0.07999766800000001
1.4020000000000003e-06	-2.332e-06	0.07999766800000001
1.4030000000000004e-06	-2.332e-06	0.07999766800000001
1.4040000000000004e-06	0.07999766800000001	0.07999766800000001
1.4050000000000005e-06	-2.332e-06	0.07999766800000001
1.4060000000000002e-06	-2.332e-06	0.159997668
1.4070000000000003e-06	-0.080002332	0.07999766800000001
1.4080000000000003e-06	0.07999766800000001	0.159997668
1.4090000000000004e-06	-2.332e-06	0.07999766800000001
1.4100000000000005e-06	0.07999766800000001	0.07999766800000001
1.4110000000000006e-06	-2.332e-06	0.07999766800000001
1.4120000000000002e-06	-2.332e-06	0.07999766800000001
1.4130000000000003e-06	-2.332e-06	0.07999766800000001
1.4140000000000004e-06	-2.332e-06	0.159997668
1.4150000000000004e-06	-2.332e-06	0.07999766800000001
1.4160000000000005e-06	-2.332e-06	0.07999766800000001
1.4170000000000006e-06	-2.332e-06	0.07999766800000001
1.4180000000000002e-06	0.07999766800000001	0.07999766800000001
1.4190000000000003e-06	-2.332e-06	0.07999766800000001
1.4200000000000004e-06	0.07999766800000001	0.07999766800000001
1.4210000000000005e-06	-2.332e-06	0.07999766800000001
1.4220000000000005e-06	-2.332e-06	0.159997668
1.4230000000000002e-06	-2.332e-06	0.07999766800000001
1.4240000000000003e-06	-2.332e-06	0.159997668
1.4250000000000003e-06	-2.332e-06	0.07999766800000001
1.4260000000000004e-06	0.07999766800000001	0.07999766800000001
1.4270000000000005e-06	-2.332e-06	0.07999766800000001
1.4280000000000006e-06	0.07999766800000001	0.07999766800000001
1.4290000000000002e-06	-2.332e-06	0.07999766800000001
1.4300000000000003e-06	-2.332e-06	0.07999766800000001
1.4310000000000004e-06	-2.332e-06	0.07999766800000001
1.4320000000000004e-06	0.07999766800000001	0.07999766800000001
1.4330000000000005e-06	0.07999766800000001	-2.332e-06
1.4340000000000002e-06	0.07999766800000001	0.159997668
1.4350000000000002e-06	-2.332e-06	0.07999766800000001
1.4360000000000003e-06	-2.332e-06	0.07999766800000001
1.4370000000000004e-06	-2.332e-06	0.07999766800000001
1.4380000000000005e-06	-2.332e-06	0.07999766800000001
1.4390000000000005e-06	-2.332e-06	0.159997668
1.4400000000000002e-06	0.07999766800000001	0.07999766800000001
1.4410000000000003e-06	-2.332e-06	0.07999766800000001
1.4420000000000003e-06	0.07999766800000001	0.07999766800000001
1.4430000000000004e-06	-2.332e-06	0.07999766800000001
1.4440000000000005e-06	0.07999766800000001	0.07999766800000001
1.4450000000000006e-06	0.07999766800000001	0.07999766800000001
1.4460000000000002e-06	0.07999766800000001	0.07999766800000001
1.4470000000000003e-06	-2.332e-06	0.07999766800000001
1.4480000000000004e-06	0.07999766800000001	0.07999766800000001
1.4490000000000004e-06	-2.332e-06	0.07999766800000001
1.4500000000000005e-06	0.07999766800000001	0.159997668
1.4510000000000002e-06	0.07999766800000001	0.07999766800000001
1.4520000000000002e-06	0.07999766800000001	0.07999766800000001
1.4530000000000003e-06	0.07999766800000001	0.07999766800000001
1.4540000000000004e-06	0.07999766800000001	0.07999766800000001
1.4550000000000005e-06	0.07999766800000001	0.07999766800000001
1.4560000000000005e-06	0.07999766800000001	0.07999766800000001
1.4570000000000002e-06	-2.332e-06	0.07999766800000001
1.4580000000000003e-06	-2.332e-06	0.07999766800000001
1.4590000000000003e-06	-2.332e-06	0.07999766800000001
1.4600000000000004e-06	0.07999766800000001	0.07999766800000001
1.4610000000000005e-06	-2.332e-06	0.07999766800000001
1.4620000000000006e-06	0.07999766800000001	0.07999766800000001
1.4630000000000002e-06	-2.332e-06	0.07999766800000001
1.4640000000000003e-06	0.07999766800000001	0.07999766800000001
1.4650000000000004e-06	-2.332e-06	0.07999766800000001
1.4660000000000004e-06	-2.332e-06	0.159997668
1.4670000000000005e-06	-2.332e-06	0.159997668
1.4680000000000002e-06	-2.332e-06	0.07999766800000001
1.4690000000000003e-06	-2.332e-06	0.07999766800000001
1.4700000000000003e-06	-2.332e-06	0.159997668
1.4710000000000004e-06	-2.332e-06	0.07999766800000001
1.4720000000000005e-06	0.07999766800000001	0.07999766800000001
1.4730000000000006e-06	-2.332e-06	0.07999766800000001
1.4740000000000002e-06	0.07999766800000001	0.159997668
1.4750000000000003e-06	0.07999766800000001	0.07999766800000001
1.4760000000000004e-06	0.07999766800000001	0.07999766800000001
1.4770000000000004e-06	-2.332e-06	0.07999766800000001
1.4780000000000005e-06	-2.332e-06	0.07999766800000001
1.4790000000000006e-06	-2.332e-06	0.07999766800000001
1.4800000000000002e-06	-2.332e-06	0.07999766800000001
1.4810000000000003e-06	0.07999766800000001	0.07999766800000001
1.4820000000000004e-06	0.07999766800000001	0.07999766800000001
1.483e-06	0.07999766800000001	0.07999766800000001
1.4840000000000005e-06	0.07999766800000001	0.07999766800000001
1.4850000000000002e-06	-2.332e-06	0.07999766800000001
1.4860000000000007e-06	0.07999766800000001	0.07999766800000001
1.4870000000000003e-06	-2.332e-06	0.07999766800000001
1.488e-06	-2.332e-06	0.07999766800000001
1.4890000000000005e-06	-2.332e-06	0.07999766800000001
1.4900000000000001e-06	-2.332e-06	0.07999766800000001
1.4910000000000006e-06	-2.332e-06	0.07999766800000001
1.4920000000000003e-06	-2.332e-06	0.07999766800000001
1.4930000000000008e-06	-2.332e-06	0.07999766800000001
1.4940000000000004e-06	0.07999766800000001	0.07999766800000001
1.495e-06	0.07999766800000001	0.07999766800000001
1.4960000000000006e-06	0.07999766800000001	0.07999766800000001
1.4970000000000002e-06	0.07999766800000001	0.07999766800000001
1.4980000000000007e-06	-2.332e-06	0.159997668
1.4990000000000004e-06	-2.332e-06	0.07999766800000001
1.5e-06	-2.332e-06	0.07999766800000001
1.5010000000000005e-06	-2.332e-06	0.07999766800000001
1.5020000000000002e-06	-2.332e-06	0.07999766800000001
1.5030000000000007e-06	0.07999766800000001	0.07999766800000001
1.5040000000000003e-06	-2.332e-06	0.07999766800000001
1.505e-06	-2.332e-06	0.07999766800000001
1.5060000000000005e-06	-2.332e-06	0.07999766800000001
1.5070000000000001e-06	-2.332e-06	0.07999766800000001
1.5080000000000006e-06	-2.332e-06	0.159997668
1.5090000000000003e-06	0.07999766800000001	0.07999766800000001
1.5100000000000008e-06	0.07999766800000001	0.07999766800000001
1.5110000000000004e-06	-2.332e-06	0.07999766800000001
1.512e-06	0.07999766800000001	0.159997668
1.5130000000000006e-06	-2.332e-06	0.07999766800000001
1.5140000000000002e-06	-2.332e-06	0.159997668
1.5150000000000007e-06	0.07999766800000001	0.07999766800000001
1.5160000000000004e-06	-2.332e-06	0.159997668
1.517e-06	-2.332e-06	0.07999766800000001
1.5180000000000005e-06	0.07999766800000001	0.07999766800000001
1.5190000000000002e-06	-2.332e-06	0.07999766800000001
1.5200000000000007e-06	0.07999766800000001	0.07999766800000001
1.5210000000000003e-06	-2.332e-06	0.07999766800000001
1.522e-06	-2.332e-06	0.159997668
1.5230000000000005e-06	0.07999766800000001	0.07999766800000001
1.5240000000000001e-06	0.07999766800000001	0.07999766800000001
1.5250000000000006e-06	-2.332e-06	0.07999766800000001
1.5260000000000003e-06	-2.332e-06	0.07999766800000001
1.5270000000000008e-06	-2.332e-06	0.159997668
1.5280000000000004e-06	0.07999766800000001	0.07999766800000001
1.529e-06	-2.332e-06	0.07999766800000001
1.5300000000000006e-06	0.07999766800000001	0.159997668
1.5310000000000002e-06	-2.332e-06	0.07999766800000001
1.5320000000000007e-06	0.07999766800000001	0.07999766800000001
1.5330000000000004e-06	0.07999766800000001	0.07999766800000001
1.534e-06	-2.332e-06	0.07999766800000001
1.5350000000000005e-06	-2.332e-06	0.07999766800000001
1.5360000000000002e-06	0.07999766800000001	0.07999766800000001
1.5370000000000007e-06	-2.332e-06	0.07999766800000001
1.5380000000000004e-06	0.07999766800000001	0.159997668
1.539e-06	-2.332e-06	0.07999766800000001
1.5400000000000005e-06	-2.332e-06	0.07999766800000001
1.5410000000000002e-06	-2.332e-06	0.07999766800000001
1.5420000000000007e-06	-2.332e-06	0.07999766800000001
1.5430000000000003e-06	-2.332e-06	0.07999766800000001
1.544e-06	0.07999766800000001	0.07999766800000001
1.5450000000000005e-06	-2.332e-06	0.07999766800000001
1.546e-06	-2.332e-06	0.07999766800000001
1.5470000000000006e-06	-2.332e-06	0.07999766800000001
1.5480000000000003e-06	0.07999766800000001	0.07999766800000001
1.5490000000000008e-06	-2.332e-06	-2.332e-06
1.5500000000000004e-06	0.07999766800000001	0.159997668
1.551e-06	-2.332e-06	0.07999766800000001
1.5520000000000006e-06	-2.332e-06	0.159997668
1.5530000000000002e-06	-2.332e-06	0.07999766800000001
1.5540000000000007e-06	-2.332e-06	0.159997668
1.5550000000000004e-06	-2.332e-06	0.07999766800000001
1.556e-06	0.07999766800000001	0.07999766800000001
1.5570000000000005e-06	-2.332e-06	0.07999766800000001
1.5580000000000002e-06	0.07999766800000001	0.159997668
1.5590000000000007e-06	-2.332e-06	0.07999766800000001
1.5600000000000003e-06	0.07999766800000001	0.07999766800000001
1.561e-06	-2.332e-06	0.07999766800000001
1.5620000000000005e-06	0.07999766800000001	0.07999766800000001
1.5630000000000001e-06	-2.332e-06	0.07999766800000001
1.5640000000000006e-06	0.07999766800000001	0.07999766800000001
1.5650000000000003e-06	-2.332e-06	0.07999766800000001
1.5660000000000008e-06	-2.332e-06	0.159997668
1.5670000000000004e-06	0.07999766800000001	0.07999766800000001
1.568e-06	0.07999766800000001	0.07999766800000001
1.5690000000000006e-06	-2.332e-06	0.07999766800000001
1.5700000000000002e-06	0.07999766800000001	0.07999766800000001
1.5710000000000007e-06	0.07999766800000001	0.07999766800000001
1.5720000000000004e-06	0.07999766800000001	0.07999766800000001
1.573e-06	-2.332e-06	0.07999766800000001
1.5740000000000005e-06	-2.332e-06	0.07999766800000001
1.5750000000000002e-06	-2.332e-06	0.07999766800000001
1.5760000000000007e-06	-2.332e-06	0.07999766800000001
1.5770000000000003e-06	-2.332e-06	0.07999766800000001
1.578e-06	0.07999766800000001	0.07999766800000001
1.5790000000000005e-06	-2.332e-06	0.07999766800000001
1.5800000000000001e-06	-2.332e-06	0.07999766800000001
1.5810000000000006e-06	-2.332e-06	0.07999766800000001
1.5820000000000003e-06	0.159997668	0.07999766800000001
1.5830000000000008e-06	-2.332e-06	0.07999766800000001
1.5840000000000004e-06	0.07999766800000001	0.159997668
1.585e-06	-2.332e-06	0.07999766800000001
1.5860000000000006e-06	0.07999766800000001	0.07999766800000001
1.5870000000000002e-06	-2.332e-06	0.07999766800000001
1.5880000000000007e-06	0.07999766800000001	0.07999766800000001
1.5890000000000004e-06	-2.332e-06	0.07999766800000001
1.59e-06	0.07999766800000001	0.07999766800000001
1.5910000000000005e-06	0.07999766800000001	0.07999766800000001
1.5920000000000002e-06	-2.332e-06	0.07999766800000001
1.5930000000000007e-06	0.07999766800000001	0.07999766800000001
1.5940000000000003e-06	-2.332e-06	0.07999766800000001
1.595e-06	-2.332e-06	0.07999766800000001
1.5960000000000005e-06	0.07999766800000001	0.07999766800000001
1.5970000000000001e-06	-2.332e-06	0.07999766800000001
1.5980000000000006e-06	0.07999766800000001	0.07999766800000001
1.5990000000000003e-06	-2.332e-06	0.07999766800000001
1.6000000000000008e-06	0.07999766800000001	0.159997668
1.6010000000000004e-06	-2.332e-06	0.07999766800000001
1.602e-06	-2.332e-06	0.07999766800000001
1.6030000000000006e-06	-2.332e-06	0.07999766800000001
1.6040000000000002e-06	0.07999766800000001	0.07999766800000001
1.6050000000000007e-06	-2.332e-06	0.07999766800000001
1.6060000000000004e-06	-2.332e-06	0.07999766800000001
1.607e-06	-2.332e-06	0.07999766800000001
1.6080000000000005e-06	0.07999766800000001	0.07999766800000001
1.6090000000000002e-06	-2.332e-06	0.07999766800000001
1.6100000000000007e-06	-2.332e-06	0.07999766800000001
1.6110000000000003e-06	-2.332e-06	0.07999766800000001
1.612e-06	-2.332e-06	0.07999766800000001
1.6130000000000005e-06	-2.332e-06	0.07999766800000001
1.6140000000000001e-06	-2.332e-06	0.07999766800000001
1.6150000000000006e-06	-2.332e-06	0.07999766800000001
1.6160000000000003e-06	0.07999766800000001	0.07999766800000001
1.6170000000000008e-06	0.07999766800000001	0.07999766800000001
1.6180000000000004e-06	0.07999766800000001	0.07999766800000001
1.619e-06	-2.332e-06	-2.332e-06
1.6200000000000006e-06	0.07999766800000001	0.07999766800000001
1.6210000000000002e-06	-2.332e-06	0.07999766800000001
1.6220000000000007e-06	0.07999766800000001	0.07999766800000001
1.6230000000000004e-06	-2.332e-06	0.159997668
1.624e-06	-2.332e-06	0.159997668
1.6250000000000005e-06	-2.332e-06	0.07999766800000001
1.6260000000000002e-06	-2.332e-06	0.07999766800000001
1.6270000000000007e-06	-2.332e-06	0.07999766800000001
1.6280000000000003e-06	-2.332e-06	0.07999766800000001
1.629e-06	-2.332e-06	0.07999766800000001
1.6300000000000005e-06	-2.332e-06	0.07999766800000001
1.6310000000000001e-06	0.07999766800000001	0.07999766800000001
1.6320000000000006e-06	-2.332e-06	0.07999766800000001
1.6330000000000003e-06	-2.332e-06	0.07999766800000001
1.6340000000000008e-06	0.07999766800000001	0.07999766800000001
1.6350000000000004e-06	0.07999766800000001	0.07999766800000001
1.636e-06	0.07999766800000001	0.07999766800000001
1.6370000000000006e-06	0.07999766800000001	0.07999766800000001
1.6380000000000002e-06	-2.332e-06	0.07999766800000001
1.6390000000000007e-06	0.07999766800000001	0.07999766800000001
1.6400000000000004e-06	0.07999766800000001	0.159997668
1.641e-06	-2.332e-06	0.07999766800000001
1.6420000000000005e-06	-2.332e-06	0.159997668
1.6430000000000002e-06	-2.332e-06	0.159997668
1.6440000000000007e-06	0.07999766800000001	0.159997668
1.6450000000000003e-06	-2.332e-06	0.07999766800000001
1.646e-06	0.07999766800000001	0.07999766800000001
1.6470000000000005e-06	-2.332e-06	0.07999766800000001
1.6480000000000001e-06	0.07999766800000001	0.07999766800000001
1.6490000000000006e-06	0.07999766800000001	0.07999766800000001
1.6500000000000003e-06	-2.332e-06	0.159997668
1.6510000000000008e-06	-2.332e-06	0.07999766800000001
1.6520000000000004e-06	0.07999766800000001	0.07999766800000001
1.653e-06	-2.332e-06	0.07999766800000001
1.6540000000000006e-06	0.07999766800000001	0.159997668
1.6550000000000002e-06	-2.332e-06	0.07999766800000001
1.6560000000000007e-06	0.07999766800000001	0.159997668
1.6570000000000004e-06	-2.332e-06	0.07999766800000001
1.658e-06	0.07999766800000001	0.159997668
1.6590000000000005e-06	-2.332e-06	0.07999766800000001
1.6600000000000002e-06	-2.332e-06	0.07999766800000001
1.6610000000000007e-06	-2.332e-06	0.07999766800000001
1.6620000000000004e-06	-2.332e-06	0.07999766800000001
1.663e-06	-2.332e-06	0.07999766800000001
1.6640000000000005e-06	0.07999766800000001	0.07999766800000001
1.6650000000000002e-06	-2.332e-06	0.07999766800000001
1.6660000000000007e-06	-2.332e-06	0.159997668
1.6670000000000003e-06	-2.332e-06	0.07999766800000001
1.6680000000000008e-06	0.07999766800000001	0.159997668
1.6690000000000005e-06	-2.332e-06	0.07999766800000001
1.67e-06	-2.332e-06	0.07999766800000001
1.6710000000000006e-06	-2.332e-06	0.07999766800000001
1.6720000000000003e-06	-2.332e-06	0.07999766800000001
1.6730000000000008e-06	-2.332e-06	0.07999766800000001
1.6740000000000004e-06	-2.332e-06	0.07999766800000001
1.675e-06	0.07999766800000001	0.07999766800000001
1.6760000000000006e-06	0.07999766800000001	0.07999766800000001
1.6770000000000002e-06	-2.332e-06	0.07999766800000001
1.6780000000000007e-06	-2.332e-06	0.07999766800000001
1.6790000000000004e-06	-2.332e-06	0.07999766800000001
1.68e-06	0.07999766800000001	0.159997668
1.6810000000000005e-06	-2.332e-06	-2.332e-06
1.6820000000000002e-06	-2.332e-06	0.159997668
1.6830000000000007e-06	-2.332e-06	0.07999766800000001
1.6840000000000003e-06	0.07999766800000001	0.07999766800000001
1.6850000000000008e-06	-2.332e-06	0.07999766800000001
1.6860000000000005e-06	-2.332e-06	0.07999766800000001
1.6870000000000001e-06	-2.332e-06	0.07999766800000001
1.6880000000000006e-06	-2.332e-06	0.07999766800000001
1.6890000000000003e-06	-2.332e-06	0.07999766800000001
1.6900000000000008e-06	0.07999766800000001	0.07999766800000001
1.6910000000000004e-06	0.07999766800000001	0.07999766800000001
1.692e-06	0.07999766800000001	0.07999766800000001
1.6930000000000006e-06	0.07999766800000001	0.07999766800000001
1.6940000000000002e-06	-2.332e-06	0.07999766800000001
1.6950000000000007e-06	-2.332e-06	0.07999766800000001
1.6960000000000004e-06	-2.332e-06	0.07999766800000001
1.697e-06	-2.332e-06	0.07999766800000001
1.6980000000000005e-06	-2.332e-06	0.07999766800000001
1.6990000000000002e-06	-2.332e-06	0.07999766800000001
1.7000000000000007e-06	0.07999766800000001	0.159997668
1.7010000000000003e-06	-2.332e-06	0.07999766800000001
1.702e-06	0.07999766800000001	0.159997668
1.7030000000000005e-06	0.07999766800000001	0.07999766800000001
1.7040000000000001e-06	0.07999766800000001	0.07999766800000001
1.7050000000000006e-06	-2.332e-06	0.07999766800000001
1.7060000000000003e-06	0.07999766800000001	0.159997668
1.7070000000000008e-06	-2.332e-06	0.07999766800000001
1.7080000000000004e-06	-2.332e-06	0.159997668
1.709e-06	-2.332e-06	0.07999766800000001
1.7100000000000006e-06	0.07999766800000001	0.07999766800000001
1.7110000000000002e-06	-2.332e-06	0.07999766800000001
1.7120000000000007e-06	0.07999766800000001	0.07999766800000001
1.7130000000000004e-06	-2.332e-06	0.07999766800000001
1.714e-06	0.07999766800000001	0.159997668
1.7150000000000005e-06	-2.332e-06	0.07999766800000001
1.7160000000000002e-06	0.07999766800000001	0.159997668
1.7170000000000007e-06	-2.332e-06	0.07999766800000001
1.7180000000000003e-06	-2.332e-06	0.159997668
1.719e-06	-2.332e-06	0.07999766800000001
1.7200000000000005e-06	0.07999766800000001	0.159997668
1.7210000000000001e-06	-2.332e-06	0.07999766800000001
1.7220000000000006e-06	-2.332e-06	0.07999766800000001
1.7230000000000003e-06	-2.332e-06	0.07999766800000001
1.7240000000000008e-06	-2.332e-06	0.159997668
1.7250000000000004e-06	0.07999766800000001	0.07999766800000001
1.726e-06	-2.332e-06	0.07999766800000001
1.7270000000000006e-06	-2.332e-06	0.07999766800000001
1.7280000000000002e-06	0.07999766800000001	0.07999766800000001
1.7290000000000007e-06	-2.332e-06	0.07999766800000001
1.7300000000000004e-06	-2.332e-06	0.07999766800000001
1.731e-06	0.07999766800000001	0.07999766800000001
1.7320000000000005e-06	0.07999766800000001	0.07999766800000001
1.7330000000000002e-06	0.07999766800000001	0.07999766800000001
1.7340000000000007e-06	0.07999766800000001	0.07999766800000001
1.7350000000000003e-06	-2.332e-06	0.07999766800000001
1.736e-06	-2.332e-06	0.159997668
1.7370000000000005e-06	-2.332e-06	0.07999766800000001
1.7380000000000001e-06	-2.332e-06	0.07999766800000001
1.7390000000000006e-06	-2.332e-06	0.07999766800000001
1.7400000000000003e-06	-2.332e-06	0.07999766800000001
1.7410000000000008e-06	-2.332e-06	0.07999766800000001
1.7420000000000004e-06	0.07999766800000001	0.07999766800000001
1.743e-06	-2.332e-06	0.07999766800000001
1.7440000000000006e-06	0.07999766800000001	0.159997668
1.7450000000000002e-06	-2.332e-06	0.07999766800000001
1.7460000000000007e-06	0.07999766800000001	0.07999766800000001
1.7470000000000004e-06	-2.332e-06	0.07999766800000001
1.748e-06	0.07999766800000001	0.159997668
1.7490000000000005e-06	-2.332e-06	0.07999766800000001
1.7500000000000002e-06	-2.332e-06	0.07999766800000001
1.7510000000000007e-06	-2.332e-06	0.07999766800000001
1.7520000000000003e-06	0.07999766800000001	0.07999766800000001
1.753e-06	-2.332e-06	0.07999766800000001
1.7540000000000005e-06	0.07999766800000001	0.07999766800000001
1.7550000000000001e-06	-2.332e-06	0.07999766800000001
1.7560000000000006e-06	-2.332e-06	0.07999766800000001
1.7570000000000003e-06	-2.332e-06	0.07999766800000001
1.7580000000000008e-06	-2.332e-06	0.159997668
1.7590000000000004e-06	-2.332e-06	0.07999766800000001
1.76e-06	0.07999766800000001	0.159997668
1.7610000000000006e-06	-2.332e-06	0.07999766800000001
1.7620000000000002e-06	-2.332e-06	0.07999766800000001
1.7630000000000007e-06	-2.332e-06	0.07999766800000001
1.7640000000000004e-06	0.07999766800000001	0.07999766800000001
1.765e-06	-2.332e-06	0.07999766800000001
1.7660000000000005e-06	-2.332e-06	0.159997668
1.7670000000000002e-06	-2.332e-06	0.07999766800000001
1.7680000000000007e-06	-2.332e-06	0.159997668
1.7690000000000003e-06	-2.332e-06	0.07999766800000001
1.77e-06	-2.332e-06	0.159997668
1.7710000000000005e-06	-2.332e-06	0.07999766800000001
1.7720000000000001e-06	-2.332e-06	0.159997668
1.7730000000000006e-06	-2.332e-06	0.07999766800000001
1.7740000000000003e-06	-2.332e-06	0.159997668
1.7750000000000008e-06	-2.332e-06	0.07999766800000001
1.7760000000000004e-06	0.07999766800000001	0.07999766800000001
1.777e-06	-2.332e-06	0.07999766800000001
1.7780000000000006e-06	-2.332e-06	0.07999766800000001
1.7790000000000002e-06	0.07999766800000001	0.07999766800000001
1.7800000000000007e-06	-2.332e-06	0.07999766800000001
1.7810000000000004e-06	0.07999766800000001	0.07999766800000001
1.782e-06	-2.332e-06	0.07999766800000001
1.7830000000000005e-06	-2.332e-06	0.07999766800000001
1.7840000000000002e-06	0.07999766800000001	0.159997668
1.7850000000000007e-06	0.07999766800000001	0.07999766800000001
1.7860000000000003e-06	-2.332e-06	0.07999766800000001
1.787e-06	0.07999766800000001	0.07999766800000001
1.7880000000000005e-06	0.07999766800000001	0.07999766800000001
1.7890000000000002e-06	0.07999766800000001	0.07999766800000001
1.7900000000000006e-06	0.07999766800000001	0.07999766800000001
1.7910000000000003e-06	-2.332e-06	0.07999766800000001
1.7920000000000008e-06	-2.332e-06	0.07999766800000001
1.7930000000000005e-06	-2.332e-06	0.07999766800000001
1.794e-06	-2.332e-06	0.07999766800000001
1.7950000000000006e-06	-2.332e-06	0.07999766800000001
1.7960000000000003e-06	-2.332e-06	0.07999766800000001
1.7970000000000008e-06	-2.332e-06	0.07999766800000001
1.7980000000000004e-06	0.07999766800000001	0.07999766800000001
1.799e-06	0.07999766800000001	0.07999766800000001
